# Blender 4.1.1
# www.blender.org
mtllib dragon.mtl
o dragon
v 0.102442 -0.130752 0.106845
v 0.088617 -0.119488 0.102724
v 0.092790 -0.105651 0.106797
v 0.091626 -0.132466 0.118851
v 0.085236 -0.108591 0.089723
v 0.085858 0.132118 -0.023977
v 0.079459 -0.090413 0.101733
v 0.073523 -0.109291 0.136113
v 0.086356 0.156054 -0.028258
v 0.082944 0.094508 -0.030534
v 0.080397 0.141680 -0.051012
v 0.076323 -0.110000 -0.029412
v 0.072892 0.141214 -0.037606
v 0.066913 -0.139781 -0.037923
v 0.079612 -0.142358 -0.059119
v 0.058453 -0.107940 0.109571
v 0.075457 0.107709 -0.063060
v 0.061152 0.127928 -0.094530
v 0.070566 -0.106331 -0.068671
v 0.076161 -0.109620 -0.172697
v 0.064166 -0.090320 0.081925
v 0.050292 0.149010 -0.059399
v 0.068706 0.154053 -0.069239
v 0.071014 -0.091749 -0.036994
v 0.075978 -0.124547 -0.161967
v 0.063725 -0.112727 -0.134598
v 0.067298 0.104404 -0.037965
v 0.064036 -0.126371 -0.178683
v 0.066056 -0.079392 0.090559
v 0.070934 0.089991 -0.057523
v 0.071609 0.180973 -0.072687
v 0.062356 -0.048545 -0.127298
v 0.055125 -0.098996 -0.013685
v 0.064013 -0.091110 0.136040
v 0.064023 0.102975 0.095829
v 0.050340 -0.106312 -0.180153
v 0.052340 -0.096019 -0.060889
v 0.062666 -0.050438 0.127457
v 0.066285 -0.066777 -0.137704
v 0.055140 0.018253 0.115730
v 0.063156 0.052994 0.120067
v 0.069020 0.079727 0.071170
v 0.053937 0.013467 0.170184
v 0.042120 -0.064223 -0.085299
v 0.059693 -0.043146 -0.022912
v 0.049333 0.020843 0.066265
v 0.060509 0.093466 -0.048443
v 0.048245 0.111262 -0.039434
v 0.061438 0.093002 -0.049714
v 0.060602 0.092975 -0.048980
v 0.055006 -0.063106 0.068761
v 0.053052 0.073596 0.159681
v 0.046662 0.160761 -0.097813
v 0.058444 0.082442 -0.079222
v 0.055381 0.146581 -0.105089
v 0.056231 0.202331 0.024115
v 0.035385 -0.139918 0.096266
v 0.056810 0.064754 0.021195
v 0.041395 -0.137736 -0.065890
v 0.050923 -0.095569 -0.131494
v 0.033323 0.030444 0.083350
v 0.020371 -0.111268 0.056383
v 0.057430 0.087358 -0.052698
v 0.029349 0.120445 0.133494
v 0.049017 -0.128486 -0.194152
v 0.052144 -0.050109 0.025059
v 0.054002 -0.058228 -0.041079
v 0.009014 -0.139078 0.152431
v 0.035987 0.083973 -0.021403
v 0.033024 -0.125246 -0.182411
v 0.036651 -0.050402 -0.158960
v 0.036502 0.157966 -0.053677
v 0.026891 -0.060812 0.136890
v 0.038979 -0.088279 0.157071
v 0.040564 0.074569 -0.113677
v 0.050589 0.116559 -0.100544
v 0.012596 -0.028384 -0.052510
v 0.052378 0.176661 -0.012881
v 0.028352 -0.104501 -0.165976
v 0.029317 0.022996 0.103681
v 0.035183 -0.031507 -0.126262
v 0.036511 0.119001 -0.145050
v 0.041060 0.121986 -0.020271
v 0.034162 0.157989 -0.131528
v 0.046793 0.034122 -0.069452
v 0.027858 -0.140855 -0.027557
v 0.036356 0.177684 -0.015460
v 0.020264 -0.139629 -0.114594
v 0.039265 0.070721 -0.122471
v 0.034122 0.124289 0.095235
v 0.035322 -0.138298 0.180894
v 0.019198 0.010229 -0.054836
v 0.041666 0.072182 -0.092832
v 0.037340 0.073804 -0.115443
v 0.030503 0.120985 0.059517
v 0.022741 0.184247 -0.057855
v 0.031370 0.206287 -0.059690
v 0.022927 -0.121606 -0.153472
v 0.015793 -0.062295 0.058015
v 0.035599 0.072881 -0.115366
v 0.035217 0.072853 -0.115312
v 0.014564 0.148433 -0.045493
v 0.037739 0.179904 -0.062893
v 0.032355 0.170238 -0.088519
v 0.021696 -0.015096 -0.168302
v 0.032679 0.050992 -0.025951
v 0.028879 0.150478 -0.146113
v 0.034252 0.164264 -0.040424
v 0.034422 0.164551 -0.040085
v 0.030748 0.022960 0.072896
v 0.033013 0.072520 -0.116595
v 0.031267 0.163949 -0.041315
v 0.034032 0.164143 -0.040622
v 0.034259 0.071124 -0.122794
v 0.035351 0.072870 -0.116932
v 0.025086 0.094217 0.169142
v 0.022702 0.159434 -0.050815
v 0.026722 0.022888 0.186898
v 0.026474 0.020532 0.072738
v 0.031368 -0.044841 0.039602
v 0.006663 -0.030099 -0.074495
v 0.021209 0.004925 0.062543
v 0.028981 0.020181 0.069991
v 0.030865 0.022077 0.072515
v 0.010754 -0.044146 -0.072178
v 0.030845 -0.045413 0.039497
v -0.002045 -0.077980 0.028483
v 0.030672 -0.045161 0.039626
v 0.030880 -0.045014 0.039652
v 0.030512 0.021720 0.072453
v 0.030308 0.022062 0.072876
v 0.013123 0.060739 -0.112566
v 0.011220 -0.139871 0.078168
v 0.011980 -0.111947 0.188104
v 0.034370 0.052879 0.209689
v 0.005237 0.070285 -0.180220
v 0.026117 -0.081906 0.023244
v 0.027666 0.030645 0.209214
v 0.030800 0.096408 0.018415
v 0.028703 -0.044411 0.040730
v 0.016676 0.174284 -0.087708
v 0.027651 0.110006 -0.112309
v 0.020831 0.119025 -0.127287
v 0.025482 0.114281 0.065233
v -0.000074 -0.135952 0.210078
v 0.017645 0.136889 -0.150464
v 0.030897 0.084710 -0.104005
v 0.022889 0.111793 0.126205
v 0.007302 -0.133781 -0.085616
v -0.001352 -0.103098 0.166384
v 0.020383 0.119658 -0.126800
v 0.022540 0.119177 -0.124202
v 0.021811 0.120583 -0.124358
v 0.022109 0.119296 -0.124944
v 0.021683 0.119828 -0.114148
v 0.021798 0.119967 -0.124229
v 0.005272 0.139402 -0.171134
v 0.009532 0.089748 0.207893
v 0.020904 0.119758 -0.126511
v -0.005012 -0.090538 -0.185937
v 0.020521 0.119839 -0.125928
v -0.009545 -0.132140 -0.007443
v 0.006712 0.033919 0.214957
v 0.020121 0.119860 -0.127310
v 0.019673 0.120927 -0.127887
v 0.019610 0.120840 -0.124044
v 0.019408 0.121162 -0.124295
v 0.011193 0.139168 -0.199260
v 0.011535 0.078990 0.245513
v 0.004020 0.092283 0.230691
v 0.023120 0.063152 0.190657
v 0.016789 0.080448 -0.107914
v 0.019009 0.120886 -0.125153
v 0.019023 0.121041 -0.124661
v 0.017325 0.120838 -0.126862
v 0.006548 -0.008779 0.182317
v 0.002381 0.077574 0.203723
v 0.016276 0.080737 -0.108252
v 0.002805 0.083030 -0.032604
v -0.002304 0.104057 0.070809
v 0.011376 0.031065 0.105588
v 0.003463 0.088727 -0.172190
v 0.009227 0.039195 0.237381
v 0.013100 0.081652 -0.109847
v 0.012773 0.081255 -0.109748
v 0.015595 0.081210 -0.108020
v -0.006567 0.132547 -0.163284
v 0.014369 0.081427 -0.108914
v 0.021079 0.110330 -0.155647
v 0.003927 0.125100 -0.108363
v 0.005661 0.125986 -0.190999
v -0.008776 0.010610 -0.163798
v 0.012030 0.024775 0.185684
v 0.012111 0.024935 0.185738
v -0.017690 0.086810 -0.106798
v 0.011773 -0.082960 0.057999
v 0.011632 -0.082398 0.058155
v 0.011709 -0.082472 0.058067
v 0.011831 0.024895 0.185628
v 0.011627 0.024278 0.185487
v 0.009070 0.019246 0.180324
v -0.006936 0.088874 -0.168926
v 0.012306 -0.132381 -0.066799
v 0.011297 -0.083107 0.057925
v -0.003717 -0.080016 0.066023
v 0.011546 -0.082735 0.058050
v 0.025340 0.046207 -0.018378
v 0.010358 0.021733 0.185320
v 0.010741 0.022606 0.185309
v 0.010321 0.021805 0.185421
v 0.011592 0.024962 0.185745
v 0.002107 0.062742 0.265752
v -0.003486 0.166502 -0.146060
v 0.010196 0.021487 0.185333
v 0.005584 0.139315 -0.015090
v 0.008733 0.018064 0.185446
v -0.002755 0.079450 -0.097799
v 0.004558 0.103982 -0.132861
v 0.002632 0.126583 0.006427
v -0.002405 0.042876 0.075691
v -0.003288 0.079992 0.244865
v 0.011063 0.112536 -0.027808
v 0.004436 0.155574 0.004695
v -0.005519 0.123377 -0.187160
v -0.000119 0.164491 -0.069568
v -0.006647 -0.106948 0.068241
v -0.005608 -0.135257 0.113140
v -0.015713 -0.092011 0.199631
v -0.010611 0.054095 0.012426
v -0.005951 0.086578 0.148208
v 0.004776 0.050911 0.250180
v -0.004698 0.151247 -0.217787
v -0.010960 0.021515 0.165459
v 0.003321 0.108042 -0.126787
v -0.001757 -0.134724 -0.153708
v -0.003800 -0.074211 0.142728
v 0.002825 0.107554 -0.125536
v -0.010391 0.157044 -0.045830
v 0.001717 -0.130694 -0.056851
v 0.003433 0.096812 -0.002129
v 0.001509 0.107777 -0.125707
v 0.001731 0.107528 -0.125486
v -0.000335 -0.130616 -0.056181
v -0.012402 0.104909 -0.130279
v 0.001383 0.107678 -0.125152
v -0.000520 -0.130725 -0.055851
v -0.002556 -0.130612 -0.055044
v -0.001315 -0.130550 -0.056156
v -0.050502 0.077430 -0.136519
v -0.018803 0.105119 -0.130573
v -0.009025 0.135403 -0.199517
v -0.019384 0.168574 -0.195309
v -0.000742 -0.130675 -0.055913
v -0.007075 0.097750 -0.179567
v -0.010285 0.155416 -0.152270
v -0.002631 -0.133925 -0.054335
v -0.013197 0.175014 -0.180033
v -0.032170 0.160677 -0.119184
v 0.000226 -0.133206 0.129255
v -0.014000 0.087968 -0.041756
v -0.019699 0.160255 -0.079521
v -0.003474 -0.130931 -0.055243
v -0.015849 -0.049114 -0.186085
v -0.012156 0.048804 0.122101
v -0.007614 0.069776 -0.217858
v -0.023189 -0.141832 -0.043666
v -0.037917 -0.138018 -0.069324
v -0.004361 -0.130314 -0.056704
v -0.003810 -0.130827 -0.055367
v -0.009386 0.114067 -0.023071
v -0.031346 -0.143191 0.103309
v -0.008692 -0.122280 0.118749
v -0.002378 -0.067255 0.130068
v -0.021341 0.018135 -0.076475
v -0.026432 0.032704 -0.125896
v -0.009215 -0.084766 0.066348
v -0.008236 -0.119167 0.120134
v -0.008696 -0.087806 0.066372
v -0.009249 -0.086655 0.066126
v -0.009227 -0.086355 0.067232
v -0.009422 -0.085449 0.066865
v -0.008945 0.095213 -0.179025
v -0.010605 -0.134359 0.138296
v -0.004516 -0.133444 0.127179
v -0.013069 -0.131641 0.110260
v -0.013535 -0.086498 0.138709
v -0.009104 -0.086948 0.066694
v -0.009351 -0.086131 0.066813
v -0.015453 -0.061922 0.102635
v -0.009700 -0.118987 0.120640
v -0.011282 -0.118435 0.119310
v -0.012514 -0.120148 0.118337
v -0.026255 -0.084381 0.062768
v -0.010930 0.096516 -0.180005
v -0.010490 0.096613 -0.179995
v -0.010590 0.096763 -0.179753
v -0.023031 0.135069 -0.070960
v -0.032935 -0.140989 -0.121935
v -0.018980 -0.141081 0.173295
v -0.011375 -0.134248 0.138434
v -0.010962 -0.134299 0.138374
v -0.011404 -0.134245 0.138609
v -0.017701 -0.132142 0.110303
v -0.012034 -0.121145 0.117738
v -0.011587 -0.117933 0.119949
v -0.011282 -0.117205 0.120723
v -0.017717 -0.086852 0.140760
v -0.011030 0.096815 -0.180271
v -0.011202 0.096796 -0.179720
v -0.013151 0.112986 -0.099669
v -0.018484 -0.133524 0.140256
v -0.031533 -0.128198 0.133125
v -0.011854 -0.122091 0.117067
v -0.011985 -0.121428 0.117528
v -0.020362 -0.092906 0.062785
v -0.015682 0.025934 0.042675
v -0.011862 0.091112 0.113744
v -0.013424 0.094601 -0.182655
v -0.020732 -0.135017 0.112427
v -0.017659 -0.122245 0.117341
v -0.012805 -0.115821 0.122540
v -0.011781 -0.025653 0.186627
v -0.018232 0.079149 -0.066156
v -0.038066 -0.036566 -0.089877
v -0.018089 -0.136240 0.105333
v -0.011849 -0.052440 0.224849
v -0.031701 -0.085803 0.004410
v -0.015159 0.180851 -0.047270
v -0.063118 0.075714 -0.169265
v -0.018189 -0.128975 0.108772
v -0.028618 -0.062517 0.182619
v -0.025067 0.103873 -0.207832
v -0.046320 0.129523 -0.170743
v -0.021246 -0.120265 0.206729
v -0.024049 -0.031378 -0.027483
v -0.018717 0.097277 -0.180674
v -0.025604 0.149302 -0.197329
v -0.022664 -0.076315 0.159600
v -0.009201 0.095585 -0.200512
v -0.017931 -0.132503 -0.058472
v -0.022010 -0.133421 0.108868
v -0.022942 -0.122907 0.063845
v -0.023054 -0.122436 0.063740
v -0.022971 -0.122593 0.063844
v -0.026524 -0.112297 0.065416
v -0.024125 -0.133543 0.109088
v -0.022612 -0.133173 0.109026
v -0.027720 -0.127711 0.045197
v -0.023067 -0.122986 0.064126
v -0.023450 -0.123250 0.064916
v -0.031599 -0.078982 0.115294
v -0.046652 -0.040259 -0.169558
v -0.026139 0.083832 -0.228457
v -0.035176 0.141993 -0.120442
v -0.032861 0.109938 -0.107723
v -0.034455 -0.110416 0.051715
v -0.051476 -0.046307 0.112266
v -0.025062 0.107220 -0.075427
v -0.032462 -0.123655 0.070118
v -0.049816 0.106890 -0.208130
v -0.030510 -0.134258 0.114871
v -0.030574 -0.134187 0.115241
v -0.050172 -0.127685 0.044861
v -0.034927 -0.117307 0.078356
v -0.049935 -0.112698 0.089856
v -0.044807 -0.102931 -0.167827
v -0.034664 -0.130061 -0.025815
v -0.032598 -0.133265 0.133228
v 0.000797 0.032403 0.194749
v -0.048364 0.092084 -0.156332
v -0.036254 0.030250 0.121848
v -0.045123 -0.025699 0.229668
v -0.036886 0.147509 -0.155082
v -0.039696 0.161672 -0.180346
v -0.042928 -0.129647 0.093577
v -0.038601 -0.127667 -0.012659
v -0.035408 -0.122992 0.078456
v -0.034998 -0.119770 0.075812
v -0.035068 -0.120967 0.076205
v -0.035168 -0.120235 0.076577
v -0.051086 -0.088583 0.119239
v -0.054312 -0.066617 0.126489
v -0.031713 -0.037364 -0.004803
v -0.044014 0.147862 -0.191308
v -0.039079 -0.132185 -0.019053
v -0.039046 -0.116159 0.089691
v -0.051673 -0.035578 0.133265
v -0.039664 -0.129789 -0.017101
v -0.056228 0.165165 -0.193609
v -0.039878 -0.133507 -0.018435
v -0.039128 -0.130389 -0.014678
v -0.039161 -0.128593 -0.019528
v -0.038944 -0.128657 -0.017950
v -0.039126 -0.123724 -0.010871
v -0.047753 0.119520 -0.234069
v -0.039385 -0.131690 -0.017187
v -0.040107 -0.130777 -0.021109
v -0.039613 -0.131393 -0.018841
v -0.040236 -0.131201 -0.017644
v -0.040445 -0.131132 -0.016956
v -0.040307 -0.130261 -0.014757
v -0.039736 -0.130882 -0.012802
v -0.040371 -0.124486 -0.007434
v -0.039303 -0.128025 -0.017718
v -0.075305 -0.088947 0.218830
v -0.042228 -0.139665 -0.026001
v -0.040917 -0.134277 -0.015535
v -0.040740 -0.133393 -0.016542
v -0.041378 -0.132978 -0.018655
v -0.043195 -0.133976 -0.003095
v -0.040042 -0.131241 -0.012343
v -0.041590 -0.129273 -0.010315
v -0.039437 0.096624 -0.170511
v -0.052663 0.133865 -0.132529
v -0.040294 -0.132772 -0.013883
v -0.063658 -0.140150 0.178162
v -0.041400 -0.133685 -0.014726
v -0.041869 -0.131500 -0.011592
v -0.042483 -0.134413 -0.013391
v -0.042497 -0.134115 -0.014789
v -0.047482 -0.136046 -0.041376
v -0.042538 -0.132950 -0.012388
v -0.042556 -0.132912 -0.012342
v -0.074821 -0.063334 0.185562
v -0.053803 -0.131867 -0.102204
v -0.057319 -0.122340 -0.126841
v -0.044201 -0.085055 -0.028608
v -0.051012 -0.083558 0.118615
v -0.050705 0.098845 -0.170866
v -0.053835 -0.109419 0.044432
v -0.047035 -0.078440 0.127077
v -0.047093 -0.076716 0.128281
v -0.049713 0.125211 -0.145191
v -0.051492 -0.087059 0.123011
v -0.067800 -0.092928 -0.008279
v -0.047878 -0.078038 0.127816
v -0.047822 -0.077048 0.128221
v -0.052941 -0.077266 0.124475
v -0.048111 -0.076990 0.128549
v -0.069112 -0.047087 -0.089950
v -0.049368 -0.073036 0.130860
v -0.049188 -0.051184 0.119963
v -0.049099 -0.049699 0.117397
v -0.049011 -0.047939 0.118230
v -0.049492 -0.049336 0.120896
v -0.050083 -0.045409 0.118679
v -0.070713 -0.106294 -0.078921
v -0.049717 -0.051056 0.121093
v -0.050030 -0.050942 0.121020
v -0.049842 -0.049437 0.117106
v -0.049665 -0.045687 0.121737
v -0.049939 -0.045634 0.122317
v -0.049988 -0.045288 0.122319
v -0.048939 -0.044454 0.121016
v -0.055705 -0.122866 0.110274
v -0.052279 -0.069538 0.131442
v -0.050011 -0.045326 0.122507
v -0.050000 -0.045531 0.122313
v -0.071527 0.085752 -0.208193
v -0.060188 0.147758 -0.174118
v -0.052083 -0.070716 0.129058
v -0.051939 -0.069083 0.129457
v -0.060474 -0.079795 -0.139800
v -0.052352 -0.050002 0.122899
v -0.050932 -0.050190 0.123672
v -0.054115 -0.031518 -0.119589
v -0.052251 -0.070968 0.129123
v -0.052231 -0.070081 0.129356
v -0.053954 -0.068516 0.131095
v -0.070100 -0.115810 0.089916
v -0.054469 -0.087041 0.120352
v -0.055090 -0.070319 0.132010
v -0.051972 -0.015586 0.112661
v -0.065805 0.096586 -0.196746
v -0.085831 -0.134424 0.117249
v -0.076147 -0.060693 0.108744
v -0.054593 -0.081579 0.123414
v -0.053655 -0.070419 0.128892
v -0.067651 -0.121318 0.202768
v -0.069766 -0.123090 0.007312
v -0.054491 -0.072338 0.128678
v -0.054848 -0.072633 0.129132
v -0.054923 -0.071242 0.130212
v -0.054837 -0.069899 0.131322
v -0.054972 -0.068979 0.131674
v -0.055713 -0.085778 0.121003
v -0.055451 -0.081572 0.123472
v -0.055566 -0.079246 0.125206
v -0.055683 -0.076323 0.127321
v -0.055526 -0.075625 0.127724
v -0.055416 -0.075049 0.128040
v -0.055367 -0.074773 0.128197
v -0.055053 -0.073689 0.128633
v -0.055347 -0.074719 0.128212
v -0.055412 -0.069376 0.130920
v -0.055473 -0.069025 0.131264
v -0.063311 -0.060282 0.135568
v -0.056768 -0.099458 0.112111
v -0.056580 -0.091073 0.117354
v -0.056537 -0.090927 0.117487
v -0.055593 -0.087312 0.120019
v -0.057348 -0.067386 0.133042
v -0.057624 -0.105526 0.116193
v -0.058089 -0.105006 0.116975
v -0.049638 -0.081028 0.127497
v -0.056832 -0.068082 0.131674
v -0.063377 -0.061455 0.136538
v -0.057998 -0.105633 0.116352
v -0.070412 -0.093488 0.142488
v -0.058006 -0.104919 0.116935
v -0.058529 -0.086938 0.127982
v -0.060036 -0.071345 0.133998
v -0.057903 -0.065780 0.133704
v -0.057512 -0.092302 0.126055
v -0.058556 -0.087007 0.128393
v -0.058932 -0.087766 0.127318
v -0.059448 -0.079242 0.125110
v -0.059004 -0.076787 0.126736
v -0.059115 -0.077396 0.126333
v -0.058980 -0.076556 0.126891
v -0.058994 -0.076670 0.126816
v -0.058868 -0.075585 0.127539
v -0.058878 -0.075748 0.127430
v -0.058827 -0.074988 0.127938
v -0.058832 -0.075101 0.127863
v -0.058819 -0.074785 0.128073
v -0.058795 -0.074140 0.128503
v -0.058795 -0.074149 0.128497
v -0.058795 -0.074186 0.128473
v -0.058779 -0.073340 0.129033
v -0.058777 -0.073265 0.129083
v -0.058772 -0.072605 0.129509
v -0.058772 -0.072608 0.129508
v -0.058763 -0.071445 0.130241
v -0.058596 -0.068377 0.131792
v -0.058763 -0.071575 0.130152
v -0.058659 -0.068757 0.131733
v -0.058685 -0.068499 0.131648
v -0.058614 -0.068274 0.132019
v -0.058538 -0.067907 0.132215
v -0.058667 -0.067031 0.133267
v -0.058849 -0.067520 0.133241
v -0.058545 -0.066678 0.133602
v -0.061159 -0.065816 0.136349
v -0.039430 -0.050663 -0.057711
v -0.065741 -0.122294 0.048498
v -0.060009 -0.088821 0.119182
v -0.059758 -0.087033 0.120072
v -0.059761 -0.087086 0.120041
v -0.059677 -0.086118 0.120585
v -0.059688 -0.086129 0.120591
v -0.059679 -0.085967 0.120688
v -0.059652 -0.085258 0.121128
v -0.059656 -0.085458 0.121000
v -0.059641 -0.084865 0.121378
v -0.059636 -0.084408 0.121675
v -0.059636 -0.084417 0.121669
v -0.059636 -0.084454 0.121645
v -0.059629 -0.083762 0.122099
v -0.059628 -0.083532 0.122251
v -0.059626 -0.083288 0.122413
v -0.059623 -0.082856 0.122700
v -0.059620 -0.082590 0.122877
v -0.059621 -0.082533 0.122914
v -0.059609 -0.081844 0.123374
v -0.059609 -0.081773 0.123422
v -0.059611 -0.081889 0.123344
v -0.059599 -0.081376 0.123686
v -0.059573 -0.080778 0.124085
v -0.059584 -0.080922 0.123990
v -0.059531 -0.080153 0.124503
v -0.059413 -0.079043 0.125242
v -0.059549 -0.080339 0.124379
v -0.059407 -0.079008 0.125265
v -0.059101 -0.077327 0.126379
v -0.058881 -0.075725 0.127446
v -0.068968 -0.041206 0.112118
v -0.070656 -0.113201 0.110254
v -0.059759 -0.087041 0.120069
v -0.059651 -0.085255 0.121130
v -0.059580 -0.080903 0.124002
v -0.072938 -0.012342 0.124656
v -0.070268 -0.134008 0.086666
v -0.063399 -0.074791 0.132893
v -0.064151 -0.071720 0.135521
v -0.065254 -0.072912 0.133166
v -0.063766 -0.076517 0.132145
v -0.063859 -0.074488 0.133012
v -0.064339 -0.073156 0.134774
v -0.063982 -0.071855 0.135331
v -0.063970 -0.071904 0.135157
v -0.075225 -0.099960 -0.137693
v -0.065163 -0.079564 0.129326
v -0.063973 -0.076502 0.132117
v -0.064530 -0.073463 0.134740
v -0.064569 -0.073419 0.134833
v -0.066260 -0.106120 0.002225
v -0.071011 -0.087453 0.130432
v -0.067778 -0.076399 0.135054
v -0.068028 -0.077074 0.134720
v -0.088450 -0.139135 -0.132627
v -0.088133 -0.059255 0.144501
v -0.068725 -0.076433 0.134351
v -0.068772 -0.075671 0.134768
v -0.064454 -0.021951 0.144795
v -0.079441 -0.110966 0.052067
v -0.068710 -0.076174 0.134811
v -0.066271 -0.105880 -0.022791
v -0.080472 -0.120519 0.160189
v -0.095694 -0.138443 -0.090370
v -0.081055 -0.140500 -0.020570
v -0.073040 -0.074351 -0.093293
v -0.085453 -0.127461 0.053029
v -0.077195 -0.132522 0.036957
v -0.083442 -0.125770 -0.020944
v -0.097400 -0.042890 0.121593
v -0.093553 -0.125651 -0.072424
v -0.089652 -0.083441 -0.076165
v -0.110181 -0.117558 -0.128205
v -0.102675 -0.120404 -0.080633
v -0.114811 -0.091181 -0.122174
vn 0.7189 0.0746 0.6911
vn 0.7322 0.0179 0.6808
vn 0.7711 0.0907 0.6302
vn 0.4027 0.1258 -0.9066
vn 0.3934 0.1278 -0.9105
vn 0.4209 0.1294 -0.8978
vn 0.9019 -0.1114 -0.4173
vn 0.9175 -0.1383 -0.3730
vn 0.9069 -0.1089 -0.4070
vn 0.7755 0.4870 -0.4017
vn 0.7522 0.4924 -0.4379
vn 0.7104 0.5573 -0.4298
vn 0.7880 0.2820 0.5473
vn 0.7817 0.3262 0.5316
vn 0.7395 0.3070 0.5991
vn -0.4430 -0.7281 -0.5231
vn -0.4280 -0.7441 -0.5130
vn -0.4010 -0.7293 -0.5544
vn 0.7744 -0.6088 0.1723
vn 0.7601 -0.6280 0.1672
vn 0.7689 -0.6141 0.1781
vn 0.9770 0.1993 -0.0756
vn 0.9729 0.1990 -0.1176
vn 0.9684 0.1984 -0.1513
vn 0.7404 0.2937 0.6047
vn 0.6709 0.4645 0.5781
vn 0.7004 0.3605 0.6160
vn 0.6817 0.6675 0.2994
vn 0.7091 0.6279 0.3207
vn 0.6573 0.7016 0.2753
vn 0.3892 0.8791 0.2751
vn 0.4240 0.8724 0.2434
vn 0.4277 0.8822 0.1971
vn 0.5783 -0.7494 0.3224
vn 0.5600 -0.7338 0.3847
vn 0.6014 -0.7185 0.3495
vn 0.7565 -0.4136 0.5066
vn 0.7017 -0.3934 0.5940
vn 0.7054 -0.4144 0.5751
vn 0.6335 0.6202 -0.4627
vn 0.6346 0.5357 -0.5571
vn 0.6381 0.5627 -0.5255
vn 0.9659 0.2007 -0.1636
vn 0.9718 0.2002 -0.1246
vn 0.9657 0.2136 -0.1474
vn -0.3449 -0.7841 -0.5160
vn -0.3661 -0.7643 -0.5308
vn -0.4437 -0.7629 -0.4702
vn 0.4520 0.8591 0.2402
vn 0.4184 0.8435 0.3368
vn 0.4118 0.8705 0.2694
vn 0.8853 0.2605 -0.3853
vn 0.8851 0.2675 -0.3809
vn 0.8645 0.3025 -0.4014
vn 0.8170 -0.3617 -0.4491
vn 0.7728 -0.3932 -0.4981
vn 0.8119 -0.3640 -0.4565
vn -0.3913 -0.7773 -0.4927
vn -0.3821 -0.7718 -0.5083
vn -0.4097 -0.7475 -0.5228
vn 0.9291 0.2229 0.2952
vn 0.9193 0.2409 0.3113
vn 0.9239 0.2319 0.3044
vn 0.9306 0.1382 -0.3390
vn 0.9266 0.1216 -0.3558
vn 0.9210 0.1306 -0.3671
vn 0.9477 0.3059 -0.0917
vn 0.9751 0.2068 -0.0804
vn 0.9561 0.2015 -0.2129
vn 0.9106 -0.3273 -0.2523
vn 0.9108 -0.2572 -0.3228
vn 0.9109 -0.3150 -0.2665
vn 0.8415 0.2037 -0.5004
vn 0.8497 0.1772 -0.4966
vn 0.8407 0.2194 -0.4950
vn -0.6214 0.1867 0.7609
vn -0.6625 0.2256 0.7143
vn -0.6102 0.0805 0.7881
vn 0.8756 -0.3394 -0.3437
vn 0.8884 -0.3396 -0.3089
vn 0.8624 -0.3189 -0.3933
vn -0.6697 0.1026 0.7355
vn -0.6718 0.0834 0.7360
vn -0.6812 0.0753 0.7282
vn -0.1435 -0.9877 0.0618
vn -0.0916 -0.9936 0.0655
vn -0.1272 -0.9906 0.0511
vn -0.4258 -0.7135 -0.5564
vn -0.4175 -0.7367 -0.5320
vn -0.4277 -0.7442 -0.5131
vn 0.4756 0.8457 0.2421
vn 0.5280 0.8120 0.2486
vn 0.3982 0.8745 0.2768
vn 0.9698 0.2120 -0.1205
vn 0.9551 0.2643 -0.1340
vn 0.9702 0.2349 -0.0593
vn 0.8623 -0.3350 -0.3797
vn 0.8742 -0.3120 -0.3721
vn 0.8769 -0.2965 -0.3783
vn -0.2779 0.9580 0.0704
vn -0.1597 0.9853 0.0599
vn -0.1540 0.9872 0.0416
vn 0.4128 -0.3547 0.8389
vn 0.4556 -0.3795 0.8053
vn 0.4371 -0.3745 0.8177
vn 0.7344 0.3293 -0.5935
vn 0.7613 0.3206 -0.5636
vn 0.7325 0.3571 -0.5795
vn 0.9986 0.0168 0.0509
vn 0.9938 0.0880 0.0686
vn 0.9970 0.0079 0.0768
vn 0.3506 0.8517 -0.3894
vn 0.3266 0.8783 -0.3493
vn 0.3128 0.8651 -0.3920
vn 0.9829 0.1766 0.0529
vn 0.9812 0.1863 0.0510
vn 0.9737 0.2238 0.0435
vn 0.3391 0.1282 -0.9320
vn 0.3355 0.1878 -0.9231
vn 0.3372 0.0901 -0.9371
vn 0.9897 0.0416 0.1372
vn 0.9921 0.0133 0.1248
vn 0.9913 0.0276 0.1289
vn -0.6901 0.1066 0.7158
vn -0.6836 0.1002 0.7229
vn -0.6772 0.0895 0.7303
vn 0.5986 0.0801 0.7970
vn 0.6185 0.0480 0.7843
vn 0.6001 0.0562 0.7980
vn 0.9907 0.1352 0.0126
vn 0.9900 0.1217 -0.0709
vn 0.9950 0.0987 -0.0117
vn 0.9503 -0.3105 -0.0215
vn 0.9558 -0.2937 -0.0154
vn 0.9505 -0.3067 -0.0497
vn 0.7713 0.5574 -0.3073
vn 0.7719 0.5356 -0.3425
vn 0.7591 0.5223 -0.3886
vn -0.6175 -0.7240 0.3074
vn -0.6250 -0.7174 0.3077
vn -0.6224 -0.7202 0.3065
vn 0.8056 -0.4667 -0.3649
vn 0.7963 -0.4996 -0.3410
vn 0.8110 -0.4836 -0.3291
vn 0.7704 0.3639 -0.5234
vn 0.7933 0.3628 -0.4889
vn 0.8004 0.3164 -0.5091
vn 0.9776 0.0401 0.2067
vn 0.9807 0.0176 0.1949
vn 0.9747 0.0287 0.2216
vn 0.3281 -0.9301 0.1649
vn 0.2823 -0.9445 0.1679
vn 0.2701 -0.9315 0.2437
vn -0.5940 -0.3076 0.7433
vn -0.5349 -0.3716 0.7588
vn -0.6052 -0.3450 0.7175
vn 0.9385 -0.1273 -0.3210
vn 0.9533 -0.1167 -0.2786
vn 0.9498 -0.1212 -0.2884
vn 0.8174 0.5100 0.2680
vn 0.8033 0.5215 0.2878
vn 0.7639 0.5812 0.2807
vn 0.7995 0.5835 -0.1427
vn 0.7912 0.5932 -0.1485
vn 0.7806 0.5953 -0.1905
vn 0.9292 0.1123 -0.3522
vn 0.8947 0.1732 -0.4118
vn 0.9106 0.1442 -0.3873
vn 0.9958 -0.0818 0.0416
vn 0.9926 -0.1208 0.0090
vn 0.9928 -0.1194 -0.0077
vn 0.9641 0.0785 0.2537
vn 0.9766 0.1084 0.1859
vn 0.9699 0.0711 0.2327
vn -0.3433 -0.7774 0.5270
vn -0.4818 -0.6992 0.5282
vn -0.4133 -0.7267 0.5487
vn 0.2635 -0.6876 0.6766
vn 0.5975 -0.5779 0.5559
vn 0.0642 -0.8410 0.5373
vn 0.2878 0.5913 -0.7534
vn 0.2798 0.5400 -0.7938
vn 0.2954 0.5720 -0.7652
vn 0.8868 -0.2440 0.3926
vn 0.9015 -0.2560 0.3490
vn 0.8972 -0.2375 0.3724
vn 0.6515 -0.0315 -0.7580
vn 0.6764 -0.0590 -0.7342
vn 0.6186 -0.0352 -0.7849
vn -0.2441 -0.9485 0.2021
vn -0.1182 -0.9918 -0.0491
vn -0.1995 -0.9337 0.2974
vn 0.6666 -0.0816 -0.7410
vn 0.6317 0.0412 -0.7741
vn 0.2327 -0.2347 -0.9438
vn 0.3106 0.3398 0.8877
vn 0.7202 0.5462 0.4277
vn 0.6772 0.3652 0.6388
vn -0.3411 0.6360 -0.6922
vn -0.1949 0.6601 -0.7255
vn -0.7948 0.3674 -0.4831
vn -0.4565 0.5485 -0.7006
vn -0.3650 0.8250 -0.4314
vn -0.4434 0.5857 -0.6785
vn 0.9250 0.1180 -0.3611
vn 0.9328 0.0884 -0.3495
vn 0.9370 0.0929 -0.3367
vn 0.9329 0.1876 -0.3075
vn 0.9239 0.1859 -0.3344
vn 0.9390 0.1783 -0.2942
vn -0.5710 -0.1716 0.8028
vn -0.7646 -0.1468 0.6276
vn -0.6478 -0.0973 0.7555
vn 0.5411 -0.7085 0.4531
vn 0.0282 -0.6199 0.7842
vn 0.5495 -0.6380 0.5395
vn -0.6459 0.7459 -0.1626
vn -0.8603 0.2797 -0.4262
vn -0.4300 0.7249 -0.5381
vn 0.7440 -0.3452 -0.5721
vn 0.7415 -0.3220 -0.5886
vn 0.7325 -0.3569 -0.5797
vn 0.9676 0.0552 0.2464
vn 0.9682 0.0473 0.2456
vn 0.9766 0.0498 0.2092
vn 0.0552 0.5202 0.8523
vn 0.1513 0.5087 0.8476
vn 0.1009 0.4328 0.8958
vn 0.6132 0.5900 0.5252
vn 0.6654 0.5628 0.4903
vn 0.5899 0.5852 0.5564
vn 0.9526 0.1374 -0.2716
vn 0.9488 0.1255 -0.2900
vn 0.9428 0.1566 -0.2943
vn 0.8541 -0.5179 -0.0482
vn 0.9047 -0.4249 -0.0320
vn 0.8795 -0.4698 -0.0762
vn -0.0617 -0.9295 -0.3635
vn -0.0008 -0.9307 -0.3657
vn -0.0788 -0.9259 -0.3695
vn 0.1695 0.9618 -0.2150
vn 0.1936 0.9613 -0.1962
vn 0.1499 0.9672 -0.2049
vn 0.5846 0.6191 0.5243
vn 0.5690 0.6024 0.5598
vn 0.5324 0.6253 0.5705
vn 0.7340 -0.3239 0.5969
vn 0.7556 -0.3234 0.5697
vn 0.7546 -0.3279 0.5685
vn -0.7865 0.1447 0.6004
vn -0.7565 0.1342 0.6400
vn -0.7430 0.1720 0.6468
vn -0.2845 -0.5884 0.7569
vn -0.2418 -0.5061 0.8279
vn -0.1732 -0.6401 0.7485
vn -0.0091 -0.9197 0.3924
vn 0.0150 -0.9160 0.4010
vn 0.0311 -0.9328 0.3591
vn 0.8429 -0.5168 -0.1498
vn 0.8381 -0.5168 -0.1745
vn 0.8386 -0.5198 -0.1631
vn 0.7006 0.3109 -0.6423
vn 0.6971 0.2979 -0.6521
vn 0.7200 0.2886 -0.6311
vn 0.0557 -0.8638 0.5008
vn 0.0728 -0.8604 0.5045
vn 0.0370 -0.8611 0.5071
vn -0.0938 0.9549 0.2819
vn -0.1094 0.9427 0.3151
vn -0.0883 0.9405 0.3282
vn 0.6031 -0.1745 -0.7784
vn 0.5862 -0.2002 -0.7851
vn 0.5511 -0.2309 -0.8019
vn 0.8098 -0.1722 -0.5608
vn 0.8025 -0.1763 -0.5700
vn 0.8023 -0.1828 -0.5683
vn 0.9577 0.1765 -0.2274
vn 0.8988 0.3320 -0.2863
vn 0.9324 0.2562 -0.2550
vn 0.6344 0.3585 -0.6848
vn 0.6139 0.4170 -0.6703
vn 0.6191 0.3603 -0.6977
vn 0.8712 0.1710 -0.4602
vn 0.8761 0.2159 -0.4311
vn 0.8724 0.1923 -0.4494
vn 0.5786 -0.5416 -0.6098
vn 0.6174 -0.5121 -0.5971
vn 0.5871 -0.5402 -0.6029
vn 0.5119 0.3276 -0.7941
vn 0.5293 0.3670 -0.7649
vn 0.4753 0.3556 -0.8047
vn 0.8206 0.0318 0.5705
vn 0.8099 -0.0196 0.5862
vn 0.8050 0.0185 0.5930
vn 0.3113 -0.9215 -0.2321
vn 0.3096 -0.9199 -0.2407
vn 0.3084 -0.9223 -0.2327
vn 0.4750 0.7254 0.4983
vn 0.4818 0.7331 0.4800
vn 0.4804 0.7402 0.4704
vn 0.4696 0.0107 -0.8828
vn 0.4482 0.0240 -0.8936
vn 0.4319 0.0295 -0.9014
vn 0.7592 0.5707 -0.3129
vn 0.7248 0.5849 -0.3641
vn 0.7686 0.5350 -0.3509
vn 0.6680 0.4746 -0.5732
vn 0.6740 0.4675 -0.5720
vn 0.6666 0.4806 -0.5698
vn 0.9677 -0.2383 0.0820
vn 0.9700 -0.2340 0.0664
vn 0.9664 -0.2447 0.0782
vn 0.6417 -0.7581 -0.1162
vn 0.6673 -0.7309 -0.1429
vn 0.6497 -0.7382 -0.1815
vn 0.3809 -0.8733 -0.3037
vn 0.3902 -0.8875 -0.2452
vn 0.3040 -0.8807 -0.3632
vn 0.6782 0.1794 0.7126
vn 0.6339 0.1535 0.7580
vn 0.6584 0.1721 0.7327
vn 0.9522 0.1488 -0.2669
vn 0.9690 0.0978 -0.2270
vn 0.9492 0.1722 -0.2634
vn 0.8676 -0.1104 -0.4849
vn 0.8994 -0.0666 -0.4321
vn 0.8959 -0.0785 -0.4372
vn -0.6152 -0.5563 0.5586
vn -0.6417 -0.5098 0.5730
vn -0.5683 -0.5529 0.6094
vn -0.0825 -0.9783 0.1901
vn -0.1181 -0.9771 0.1771
vn -0.0571 -0.9803 0.1893
vn 0.3790 -0.8894 -0.2555
vn 0.3416 -0.9080 -0.2424
vn 0.3534 -0.9052 -0.2362
vn 0.7523 -0.5888 -0.2957
vn 0.7631 -0.5735 -0.2981
vn 0.7931 -0.5333 -0.2941
vn -0.0900 -0.8272 0.5547
vn -0.0857 -0.8272 0.5554
vn -0.0726 -0.7912 0.6072
vn -0.4130 0.4229 -0.8066
vn -0.3571 0.4130 -0.8378
vn -0.4484 0.4884 -0.7486
vn 0.7100 0.6035 -0.3629
vn 0.7106 0.6109 -0.3489
vn 0.7250 0.5909 -0.3538
vn -0.0501 -0.9918 0.1174
vn -0.0641 -0.9871 0.1464
vn -0.0375 -0.9892 0.1416
vn 0.0774 0.9416 -0.3277
vn -0.0149 0.9688 -0.2476
vn -0.0295 0.9816 -0.1884
vn -0.0025 0.6208 0.7840
vn 0.0222 0.5984 0.8009
vn 0.0152 0.6073 0.7943
vn 0.4656 -0.5329 0.7066
vn 0.4739 -0.5201 0.7106
vn 0.4401 -0.5475 0.7118
vn 0.3559 -0.4792 0.8023
vn 0.3782 -0.4671 0.7993
vn 0.3658 -0.4846 0.7946
vn -0.4061 -0.8130 0.4173
vn -0.5309 -0.7535 0.3877
vn -0.4642 -0.7912 0.3981
vn 0.5878 -0.8037 -0.0924
vn 0.5517 -0.8274 -0.1052
vn 0.5632 -0.8158 -0.1314
vn 0.9461 -0.1837 -0.2666
vn 0.9398 -0.2218 -0.2599
vn 0.9466 -0.1223 -0.2982
vn -0.4659 0.5041 -0.7272
vn -0.3810 0.5543 -0.7400
vn -0.3996 0.5017 -0.7672
vn 0.4585 0.7886 -0.4098
vn 0.4721 0.7801 -0.4104
vn 0.4606 0.7704 -0.4409
vn 0.7006 -0.3134 -0.6411
vn 0.7399 -0.2945 -0.6048
vn 0.6989 -0.2781 -0.6589
vn 0.5375 0.3672 -0.7591
vn 0.5234 0.3769 -0.7642
vn 0.5252 0.3648 -0.7689
vn 0.6045 0.7815 0.1547
vn 0.5543 0.8053 0.2106
vn 0.5591 0.8128 0.1637
vn 0.6932 0.6304 -0.3494
vn 0.7144 0.6060 -0.3499
vn 0.7434 0.6016 -0.2922
vn 0.5903 0.7836 0.1936
vn 0.5898 0.7869 0.1813
vn 0.5950 0.7822 0.1845
vn 0.8163 -0.1607 0.5549
vn 0.8209 -0.1964 0.5362
vn 0.8291 -0.1819 0.5286
vn 0.9112 -0.0633 0.4071
vn 0.9192 -0.0803 0.3856
vn 0.8783 -0.1799 0.4430
vn 0.5439 0.8245 -0.1564
vn 0.5927 0.7889 -0.1625
vn 0.5789 0.8063 -0.1215
vn 0.7806 0.3217 -0.5359
vn 0.8095 0.2481 -0.5321
vn 0.7739 0.3687 -0.5149
vn 0.6066 0.3108 0.7317
vn 0.5744 0.3576 0.7364
vn 0.5792 0.3393 0.7412
vn 0.2073 -0.4867 0.8486
vn 0.1773 -0.4588 0.8707
vn 0.1753 -0.4474 0.8770
vn 0.8640 -0.2962 0.4071
vn 0.8578 -0.2864 0.4267
vn 0.8720 -0.3211 0.3695
vn -0.7290 -0.6751 -0.1130
vn -0.6748 -0.7369 -0.0389
vn -0.7020 -0.7121 0.0042
vn 0.7640 0.4265 -0.4842
vn 0.8230 0.3862 -0.4164
vn 0.7731 0.4229 -0.4727
vn 0.6313 0.6510 0.4215
vn 0.6460 0.6452 0.4080
vn 0.6529 0.6280 0.4236
vn 0.8829 0.0922 -0.4604
vn 0.8868 0.0148 -0.4620
vn 0.8956 0.0424 -0.4428
vn 0.9575 0.1239 0.2605
vn 0.9324 0.1783 0.3144
vn 0.9469 0.1206 0.2980
vn 0.6263 0.7567 0.1875
vn 0.6368 0.7449 0.1989
vn 0.6072 0.7693 0.1984
vn 0.7813 -0.5902 0.2030
vn 0.7769 -0.5971 0.1995
vn 0.7683 -0.5992 0.2251
vn 0.7160 -0.5254 0.4597
vn 0.7042 -0.5434 0.4570
vn 0.7053 -0.5537 0.4428
vn 0.6559 -0.7197 -0.2277
vn 0.6878 -0.6872 -0.2340
vn 0.6577 -0.6889 -0.3046
vn 0.4093 -0.3952 -0.8224
vn 0.4081 -0.3746 -0.8325
vn 0.3807 -0.3880 -0.8394
vn 0.4422 0.4380 -0.7827
vn 0.4453 0.4507 -0.7737
vn 0.4425 0.4474 -0.7772
vn 0.5667 0.6554 0.4992
vn 0.6223 0.5753 0.5309
vn 0.5596 0.6099 0.5611
vn 0.7079 -0.6240 0.3308
vn 0.7089 -0.6210 0.3344
vn 0.7172 -0.6181 0.3218
vn 0.5948 0.7489 -0.2922
vn 0.6304 0.7187 -0.2934
vn 0.5910 0.7601 -0.2701
vn 0.9802 -0.1126 -0.1629
vn 0.9784 -0.1380 -0.1536
vn 0.9788 -0.1056 -0.1755
vn 0.2836 0.0468 -0.9578
vn 0.2797 0.0277 -0.9597
vn 0.2611 0.0638 -0.9632
vn -0.0558 -0.9640 0.2601
vn 0.0124 -0.9318 0.3628
vn 0.1563 -0.8810 0.4465
vn -0.1831 -0.7393 0.6480
vn -0.1794 -0.7662 0.6170
vn -0.2319 -0.7592 0.6081
vn 0.7557 0.4851 0.4400
vn 0.7357 0.4828 0.4750
vn 0.7696 0.5010 0.3959
vn -0.6146 0.1159 0.7803
vn -0.5654 0.1017 0.8185
vn -0.6515 0.0848 0.7539
vn 0.8433 0.1557 -0.5144
vn 0.8400 0.1479 -0.5220
vn 0.8389 0.1869 -0.5112
vn 0.9239 0.2704 -0.2706
vn 0.9130 0.2360 -0.3329
vn 0.9285 0.2602 -0.2648
vn -0.0411 -0.9985 0.0358
vn -0.0313 -0.9971 0.0701
vn -0.0973 -0.9895 0.1068
vn 0.5858 -0.5288 0.6142
vn 0.6093 -0.5126 0.6050
vn 0.5807 -0.5277 0.6200
vn 0.7764 -0.4853 0.4021
vn 0.7825 -0.4769 0.4002
vn 0.7633 -0.4908 0.4201
vn 0.9781 -0.0703 -0.1961
vn 0.9759 -0.0014 -0.2182
vn 0.9700 0.0224 -0.2422
vn -0.9016 0.0800 0.4251
vn 0.2879 0.4631 0.8383
vn -0.4425 0.7907 0.4230
vn 0.4655 -0.6852 0.5602
vn 0.9659 -0.1961 0.1693
vn -0.8945 -0.2908 -0.3396
vn 0.0495 0.1022 -0.9935
vn -0.3501 0.4864 -0.8006
vn 0.1239 -0.7905 -0.5998
vn -0.4183 0.8413 0.3424
vn -0.4909 0.8701 -0.0446
vn -0.3741 0.8760 0.3045
vn 0.5889 -0.7773 -0.2213
vn 0.5961 -0.7705 -0.2260
vn 0.6027 -0.7418 -0.2941
vn 0.9195 0.3474 -0.1841
vn 0.9093 0.3799 -0.1698
vn 0.9148 0.3622 -0.1787
vn 0.0288 0.9518 0.3054
vn -0.4585 0.8641 -0.2076
vn 0.6961 -0.6702 -0.2574
vn -0.2127 -0.9230 0.3208
vn 0.4738 -0.8790 0.0531
vn 0.4629 -0.8786 0.1177
vn -0.3310 0.9379 0.1035
vn 0.0105 0.9301 -0.3671
vn -0.2131 0.9644 0.1569
vn -0.0627 0.9871 -0.1470
vn -0.0274 0.9738 -0.2259
vn 0.0621 0.9751 -0.2131
vn -0.0998 -0.8654 0.4911
vn -0.1095 -0.8577 0.5023
vn -0.1407 -0.8529 0.5028
vn 0.5558 0.1343 0.8204
vn 0.5158 0.1239 0.8477
vn 0.5366 0.1485 0.8307
vn -0.1410 -0.9683 0.2061
vn -0.1364 -0.9682 0.2097
vn 0.0152 -0.9849 0.1726
vn -0.1645 0.9445 -0.2842
vn -0.1138 0.9515 -0.2856
vn -0.1282 0.9558 -0.2647
vn 0.2154 -0.9738 -0.0732
vn 0.2945 -0.9528 -0.0737
vn 0.3395 -0.9326 -0.1223
vn -0.0505 -0.8949 0.4435
vn -0.0494 -0.9049 0.4226
vn -0.0615 -0.9084 0.4136
vn 0.2602 -0.8478 0.4622
vn 0.2852 -0.9057 0.3135
vn 0.3359 -0.8524 0.4008
vn 0.1851 -0.8954 0.4049
vn 0.2294 -0.8554 0.4644
vn 0.3052 -0.8598 0.4094
vn -0.4668 0.7922 -0.3932
vn -0.4349 0.7827 -0.4453
vn -0.3866 0.8008 -0.4575
vn 0.1529 0.9564 -0.2486
vn 0.1977 0.9360 -0.2912
vn 0.1543 0.9555 -0.2516
vn -0.9244 0.1886 0.3315
vn -0.8943 0.3261 0.3065
vn -0.9071 0.2920 0.3032
vn 0.2000 -0.9781 -0.0577
vn 0.0311 -0.9990 -0.0332
vn 0.0878 -0.9954 -0.0385
vn 0.8281 -0.0913 -0.5531
vn 0.8307 -0.0835 -0.5504
vn 0.8466 -0.0649 -0.5282
vn 0.9492 0.0778 -0.3050
vn 0.9513 0.0673 -0.3007
vn 0.9501 0.0388 -0.3094
vn 0.1364 -0.9285 0.3454
vn 0.1917 -0.7805 0.5951
vn 0.1026 -0.9250 0.3659
vn -0.5602 0.8266 -0.0534
vn -0.5767 0.8009 0.1614
vn -0.7132 0.6912 0.1166
vn 0.1239 -0.9923 -0.0072
vn 0.1694 -0.9848 0.0387
vn 0.2307 -0.9729 -0.0157
vn 0.7400 0.3108 -0.5965
vn 0.7223 0.3052 -0.6207
vn 0.7039 0.3604 -0.6121
vn -0.0675 -0.8890 0.4528
vn -0.0008 -0.8837 0.4681
vn -0.0472 -0.8998 0.4337
vn 0.0194 -0.8913 0.4529
vn -0.0395 -0.9256 0.3765
vn 0.0119 -0.8926 0.4506
vn 0.0147 -0.9117 0.4107
vn -0.0431 -0.9104 0.4116
vn -0.1139 -0.8889 0.4437
vn 0.4030 0.6140 -0.6787
vn 0.3422 0.5944 -0.7277
vn 0.4360 0.5755 -0.6919
vn 0.6916 -0.0162 -0.7221
vn 0.7006 0.0167 -0.7133
vn 0.6284 -0.0657 -0.7751
vn -0.0085 -0.8970 0.4420
vn -0.0579 -0.9417 0.3313
vn -0.0837 -0.9077 0.4111
vn 0.2605 -0.8706 0.4173
vn 0.3249 -0.8956 0.3039
vn 0.1824 -0.9515 0.2476
vn 0.4152 0.0420 -0.9088
vn -0.6584 0.0156 0.7525
vn -0.7170 -0.0713 0.6935
vn 0.0982 -0.8101 0.5780
vn 0.1169 -0.8263 0.5510
vn 0.0703 -0.8386 0.5402
vn -0.0930 -0.7724 0.6282
vn -0.0632 -0.7793 0.6235
vn -0.0563 -0.8001 0.5972
vn 0.4540 -0.6366 -0.6234
vn 0.4657 -0.6272 -0.6243
vn 0.4683 -0.6428 -0.6063
vn 0.4892 -0.3551 0.7966
vn 0.4609 -0.3185 0.8284
vn 0.4882 -0.3036 0.8183
vn 0.2503 -0.0012 0.9682
vn 0.1321 -0.3171 0.9392
vn 0.0278 -0.1785 0.9836
vn -0.8469 0.2973 -0.4409
vn -0.5117 0.3209 -0.7970
vn -0.8080 0.5006 -0.3107
vn -0.6411 -0.6755 0.3643
vn -0.6632 -0.6543 0.3633
vn -0.7200 -0.5982 0.3517
vn -0.0294 0.6928 0.7206
vn -0.0125 0.6319 0.7749
vn -0.0267 0.7007 0.7129
vn 0.6353 0.3062 0.7089
vn 0.6146 0.2312 0.7542
vn 0.6048 0.2440 0.7581
vn 0.2393 0.7268 -0.6438
vn 0.2607 0.7066 -0.6578
vn 0.2330 0.7549 -0.6131
vn 0.4985 -0.4007 0.7687
vn 0.4541 -0.4423 0.7734
vn 0.4294 -0.4116 0.8039
vn -0.4696 0.3551 -0.8083
vn -0.4716 0.3664 -0.8021
vn -0.5154 0.3460 -0.7840
vn 0.3807 -0.5286 0.7587
vn 0.3951 -0.4827 0.7816
vn 0.4023 -0.5358 0.7423
vn -0.6992 0.5964 0.3942
vn -0.6912 0.5763 0.4359
vn -0.7053 0.5530 0.4436
vn 0.3131 -0.5577 0.7687
vn 0.2716 -0.5332 0.8012
vn 0.3279 -0.4874 0.8093
vn 0.3325 -0.6102 0.7191
vn 0.3142 -0.5959 0.7391
vn 0.3861 -0.5961 0.7040
vn 0.2068 -0.3622 0.9089
vn 0.2599 -0.3855 0.8853
vn 0.2297 -0.4001 0.8872
vn 0.1607 -0.4015 0.9017
vn 0.1389 -0.3139 0.9392
vn 0.1355 -0.4052 0.9041
vn 0.3587 -0.3170 0.8780
vn 0.3008 -0.2762 0.9128
vn 0.3561 -0.2546 0.8991
vn 0.1863 -0.5786 0.7940
vn 0.2110 -0.5445 0.8118
vn 0.2378 -0.5433 0.8051
vn 0.2534 -0.3780 0.8905
vn 0.3816 -0.7931 0.4748
vn 0.0363 -0.6225 0.7818
vn 0.3109 -0.6368 0.7056
vn 0.2411 -0.8865 0.3949
vn 0.2462 -0.8250 0.5087
vn -0.4721 0.8756 -0.1023
vn -0.3827 0.7087 -0.5927
vn -0.3533 0.6477 -0.6750
vn 0.4665 -0.7741 0.4280
vn 0.8099 -0.4150 0.4146
vn 0.7211 -0.6688 0.1807
vn -0.3930 0.3688 -0.8424
vn -0.6218 0.1879 -0.7603
vn 0.2803 0.3031 -0.9108
vn -0.3890 -0.3609 0.8476
vn -0.5872 -0.4851 0.6480
vn -0.6633 -0.2232 0.7143
vn 0.7075 -0.0055 0.7067
vn 0.7153 -0.0331 0.6980
vn 0.7043 -0.0331 0.7091
vn -0.1737 -0.7613 0.6247
vn -0.1283 -0.7229 0.6789
vn -0.1017 -0.7469 0.6572
vn 0.3399 0.9194 -0.1981
vn 0.3402 0.9243 -0.1729
vn 0.3101 0.9191 -0.2430
vn 0.1279 -0.3915 0.9113
vn 0.0968 -0.3677 0.9249
vn 0.0813 -0.3781 0.9222
vn 0.2648 -0.3687 0.8910
vn 0.1499 -0.4284 0.8910
vn 0.1979 -0.4099 0.8904
vn -0.3142 0.3971 -0.8623
vn -0.2506 0.3607 -0.8984
vn -0.2966 0.4203 -0.8575
vn -0.2935 0.3985 -0.8689
vn -0.3177 0.3534 -0.8799
vn -0.2687 0.3738 -0.8877
vn 0.3325 -0.7044 0.6271
vn 0.4361 -0.6774 0.5924
vn 0.2893 -0.6407 0.7113
vn 0.6675 0.6364 0.3865
vn 0.7249 0.5893 0.3568
vn 0.6654 0.6056 0.4365
vn 0.4460 -0.4944 0.7460
vn 0.4229 -0.4863 0.7646
vn 0.4170 -0.4954 0.7620
vn 0.4346 -0.3797 0.8166
vn 0.4168 -0.3361 0.8446
vn 0.4617 -0.3438 0.8177
vn -0.0582 0.9977 -0.0341
vn -0.0801 0.9876 -0.1347
vn 0.1522 0.9525 -0.2639
vn -0.2724 -0.8127 0.5151
vn -0.1196 -0.7294 0.6735
vn -0.0098 -0.6015 0.7988
vn 0.3199 -0.8023 0.5040
vn 0.2699 -0.7785 0.5666
vn 0.4647 -0.6448 0.6069
vn 0.2950 -0.8141 0.5002
vn 0.2701 -0.7741 0.5726
vn 0.2720 -0.7781 0.5662
vn 0.3138 0.6313 -0.7092
vn 0.3163 0.6473 -0.6935
vn 0.3455 0.7035 -0.6211
vn -0.1331 -0.9911 0.0076
vn 0.0867 -0.9779 0.1902
vn -0.1056 -0.9921 0.0679
vn 0.6984 -0.4788 0.5320
vn 0.6975 -0.4960 0.5171
vn 0.6673 -0.4833 0.5667
vn 0.9479 -0.2563 0.1894
vn 0.9448 -0.2410 0.2220
vn 0.9475 -0.2398 0.2117
vn 0.2050 0.4419 0.8733
vn 0.2371 0.4210 0.8755
vn 0.2173 0.3673 0.9044
vn 0.1758 0.8101 -0.5593
vn 0.2059 0.8131 -0.5444
vn 0.1767 0.8319 -0.5260
vn 0.6588 -0.6722 0.3379
vn 0.4116 -0.7626 0.4991
vn 0.7277 -0.6289 0.2739
vn 0.5938 0.3857 0.7062
vn 0.5400 0.4462 0.7137
vn 0.5730 0.4198 0.7039
vn -0.6729 -0.6544 0.3448
vn -0.6634 -0.6541 0.3635
vn -0.6875 -0.6512 0.3214
vn -0.7886 0.6142 0.0277
vn -0.7880 0.6152 0.0244
vn -0.7923 0.6093 0.0304
vn 0.1700 -0.0290 0.9850
vn 0.2710 0.0623 0.9606
vn 0.3824 -0.0200 0.9238
vn 0.2488 0.4334 -0.8662
vn 0.2515 0.4174 -0.8732
vn 0.2208 0.4106 -0.8847
vn 0.9621 -0.2656 0.0610
vn 0.9440 -0.3146 0.0997
vn 0.9532 -0.2990 0.0459
vn -0.6747 0.7366 0.0474
vn -0.6966 0.7172 -0.0185
vn -0.6947 0.7174 -0.0533
vn 0.3503 0.0785 -0.9334
vn 0.2761 0.0409 -0.9603
vn 0.3038 0.0567 -0.9511
vn 0.6080 0.3030 0.7338
vn 0.6119 0.3248 0.7212
vn 0.6339 0.2940 0.7154
vn 0.6173 0.3665 0.6962
vn 0.5956 0.3531 0.7215
vn 0.6091 0.3941 0.6883
vn 0.8836 0.1423 -0.4461
vn 0.8694 0.1354 -0.4752
vn 0.8817 0.1167 -0.4571
vn -0.8596 0.4645 -0.2130
vn -0.8601 0.4281 -0.2776
vn -0.8539 0.4710 -0.2213
vn 0.5050 0.8600 0.0738
vn 0.5132 0.8543 0.0825
vn 0.4795 0.8738 0.0809
vn -0.3410 -0.9384 0.0563
vn -0.4206 -0.9068 -0.0295
vn -0.4061 -0.9138 0.0008
vn -0.9390 0.0233 -0.3430
vn -0.9490 0.0243 -0.3145
vn -0.9396 0.1221 -0.3199
vn -0.0261 0.6099 0.7921
vn -0.0385 0.5893 0.8070
vn -0.0696 0.5982 0.7983
vn -0.7771 0.6290 -0.0216
vn -0.7844 0.6199 0.0193
vn -0.8051 0.5928 -0.0169
vn 0.3467 0.7860 -0.5118
vn 0.4408 0.7421 -0.5049
vn 0.4252 0.7985 -0.4263
vn 0.5264 0.0366 -0.8495
vn 0.5432 -0.0057 -0.8396
vn 0.5064 -0.0029 -0.8623
vn 0.3116 0.5753 -0.7563
vn 0.3352 0.5741 -0.7470
vn 0.2951 0.5812 -0.7583
vn -0.8631 0.4473 0.2346
vn -0.8560 0.4575 0.2409
vn -0.8673 0.4374 0.2377
vn 0.6835 0.6467 -0.3386
vn 0.6962 0.6316 -0.3410
vn 0.7050 0.6447 -0.2956
vn 0.1743 0.6280 -0.7585
vn 0.0534 0.6488 -0.7591
vn 0.0926 0.6482 -0.7558
vn -0.1891 0.8573 0.4789
vn -0.1950 0.8398 0.5067
vn -0.2183 0.8532 0.4737
vn 0.5076 0.2851 0.8131
vn 0.5072 0.3085 0.8047
vn 0.5443 0.2977 0.7843
vn 0.0370 -0.3608 0.9319
vn 0.1118 -0.3845 0.9163
vn 0.0514 -0.3743 0.9259
vn 0.7969 -0.2237 0.5612
vn 0.7977 -0.2424 0.5523
vn 0.7567 -0.2459 0.6058
vn -0.9636 0.2105 0.1648
vn -0.8533 0.0851 0.5144
vn -0.9763 0.2156 0.0184
vn -0.9677 -0.2426 0.0683
vn -0.9091 -0.1637 0.3831
vn -0.9185 -0.3403 0.2016
vn 0.8697 0.1488 -0.4706
vn 0.9782 0.1502 0.1434
vn 0.5877 0.7579 0.2833
vn -0.6491 -0.7025 0.2918
vn -0.6336 -0.6902 0.3496
vn -0.5693 -0.7125 0.4102
vn -0.0245 -0.9977 0.0626
vn 0.1209 -0.9921 -0.0349
vn 0.1686 -0.9836 -0.0644
vn -0.8461 -0.5312 -0.0437
vn -0.8651 -0.4982 0.0580
vn -0.8531 -0.5199 -0.0431
vn 0.8298 0.2734 -0.4865
vn 0.8423 0.3705 -0.3914
vn 0.8528 0.3392 -0.3972
vn -0.8822 -0.3076 0.3565
vn -0.9110 -0.1191 0.3948
vn -0.7646 -0.3608 0.5341
vn 0.8235 0.4593 -0.3329
vn 0.4149 0.7691 -0.4861
vn 0.4462 0.7954 -0.4102
vn -0.8761 -0.4569 0.1538
vn -0.8853 -0.4415 0.1459
vn -0.8841 -0.4403 0.1567
vn -0.1060 0.9763 -0.1885
vn -0.1711 0.9849 0.0255
vn -0.3812 0.9075 -0.1764
vn -0.7215 -0.5008 0.4782
vn -0.8405 -0.3432 0.4192
vn -0.8863 -0.1172 0.4481
vn -0.7538 -0.5604 -0.3430
vn -0.8879 -0.4477 0.1055
vn -0.7862 -0.6132 -0.0772
vn 0.2571 0.3009 0.9184
vn 0.2196 0.3114 0.9246
vn 0.2562 0.3234 0.9109
vn -0.8768 -0.4103 0.2507
vn -0.8668 -0.4181 0.2717
vn -0.8703 -0.4185 0.2597
vn -0.9258 0.0469 0.3750
vn -0.9297 0.0189 0.3679
vn -0.9190 0.0536 0.3905
vn -0.0146 -0.7851 -0.6192
vn 0.0887 -0.6748 -0.7326
vn -0.0606 -0.6638 -0.7455
vn -0.4968 -0.8447 0.1992
vn -0.5223 -0.7923 0.3155
vn -0.3075 -0.9074 0.2865
vn -0.0648 0.9407 -0.3329
vn -0.4176 0.7411 -0.5258
vn 0.4766 0.4752 -0.7397
vn 0.5121 0.8508 0.1178
vn -0.1851 0.9133 0.3629
vn -0.1536 0.9858 0.0684
vn 0.1201 -0.9826 0.1415
vn 0.3928 -0.9053 -0.1616
vn 0.0928 -0.9670 -0.2373
vn 0.2380 -0.7091 -0.6638
vn 0.5231 -0.6916 -0.4980
vn 0.5552 -0.5704 -0.6053
vn -0.0516 -0.9985 0.0160
vn 0.1786 -0.9820 0.0618
vn 0.1155 -0.9909 0.0696
vn 0.3242 0.9250 -0.1981
vn 0.4785 0.8375 -0.2639
vn 0.3786 0.8932 -0.2427
vn 0.2724 0.9307 -0.2440
vn 0.3016 0.9221 -0.2422
vn 0.2773 0.9345 -0.2230
vn 0.5361 0.8439 0.0183
vn 0.6304 0.7751 0.0417
vn 0.5882 0.8060 0.0656
vn 0.8097 0.5717 0.1324
vn 0.8134 0.5612 0.1532
vn 0.8022 0.5822 0.1326
vn 0.9555 -0.2922 -0.0399
vn 0.9326 -0.3383 -0.1255
vn 0.9667 -0.1850 -0.1769
vn 0.6067 0.4360 0.6646
vn 0.5663 0.5401 0.6226
vn 0.5754 0.6356 0.5147
vn -0.7048 -0.5225 0.4799
vn -0.9008 -0.2462 0.3576
vn -0.8225 -0.3921 0.4121
vn -0.8114 -0.3205 0.4889
vn -0.7416 -0.2417 0.6257
vn -0.8503 -0.4300 0.3034
vn 0.8628 0.0550 -0.5025
vn 0.8816 0.1852 -0.4341
vn 0.8580 0.1874 -0.4783
vn 0.0060 -0.1622 -0.9867
vn -0.1266 -0.0061 -0.9919
vn -0.2298 -0.1696 -0.9584
vn 0.0269 0.9900 -0.1382
vn 0.2011 0.9796 0.0048
vn -0.3073 0.9390 0.1543
vn -0.3011 -0.9420 0.1486
vn -0.3808 -0.9245 -0.0173
vn -0.2128 -0.9703 0.1153
vn 0.6397 -0.5478 -0.5392
vn 0.6727 -0.5223 -0.5241
vn 0.7152 -0.4940 -0.4945
vn -0.1718 -0.9849 -0.0206
vn -0.3020 -0.9389 0.1652
vn -0.2916 -0.9472 0.1335
vn 0.2058 -0.6043 -0.7697
vn 0.1787 -0.5970 -0.7821
vn 0.1631 -0.6328 -0.7569
vn -0.6635 0.6712 -0.3304
vn -0.6580 0.6687 -0.3463
vn -0.6813 0.6486 -0.3395
vn -0.6189 -0.7540 0.2202
vn -0.6377 -0.7357 0.2282
vn -0.6518 -0.7309 0.2023
vn 0.1458 0.0624 0.9873
vn 0.1040 0.1027 0.9893
vn 0.3062 0.2245 0.9251
vn -0.3926 -0.9177 -0.0613
vn -0.1797 -0.9792 -0.0939
vn -0.3829 -0.9169 -0.1126
vn -0.3717 -0.9253 0.0754
vn -0.3849 -0.9227 0.0241
vn -0.3769 -0.9234 0.0719
vn -0.2218 0.9534 0.2044
vn -0.1372 0.9902 -0.0247
vn -0.1501 0.9810 0.1226
vn -0.9000 -0.4087 0.1513
vn -0.8700 -0.4601 0.1771
vn -0.8317 -0.5199 0.1950
vn 0.0456 0.9892 0.1396
vn -0.0043 0.9881 0.1538
vn 0.1962 0.9711 0.1361
vn 0.4236 0.9046 0.0483
vn 0.2391 0.9683 0.0726
vn 0.3407 0.9400 0.0194
vn 0.0159 0.9887 -0.1492
vn -0.2023 0.9224 -0.3290
vn 0.2949 0.9339 -0.2023
vn 0.2820 0.9057 -0.3163
vn 0.2853 0.9243 -0.2537
vn 0.5063 0.8270 -0.2443
vn -0.0043 0.8882 0.4594
vn 0.1981 0.9794 0.0399
vn 0.5953 0.6926 0.4074
vn 0.0720 0.8237 0.5624
vn 0.3271 0.9415 0.0811
vn 0.3440 0.9168 0.2027
vn 0.1620 -0.9764 0.1426
vn 0.0932 -0.9924 0.0800
vn -0.0328 -0.9979 0.0564
vn -0.2873 -0.9578 0.0094
vn -0.2645 -0.9641 -0.0212
vn -0.1555 -0.9851 -0.0738
vn -0.9269 0.0178 0.3748
vn -0.9336 0.0808 0.3491
vn -0.9332 0.1429 0.3298
vn -0.1142 0.9677 0.2246
vn 0.1655 0.9857 -0.0330
vn 0.1739 0.9754 0.1357
vn -0.2116 -0.9767 -0.0355
vn -0.3537 -0.9244 0.1431
vn -0.1937 -0.9810 -0.0146
vn 0.1231 -0.9584 0.2576
vn 0.1370 -0.9801 0.1437
vn -0.0592 -0.9901 0.1275
vn 0.7225 -0.3363 0.6041
vn 0.7870 -0.2878 0.5457
vn 0.7525 -0.3402 0.5640
vn 0.8127 0.5731 0.1050
vn 0.8117 0.5742 0.1068
vn 0.8075 0.5806 0.1045
vn 0.1364 -0.8028 -0.5804
vn 0.5631 -0.4614 -0.6856
vn 0.2778 -0.4404 -0.8537
vn -0.3335 0.9425 0.0210
vn -0.3605 0.9320 0.0375
vn -0.3373 0.9414 0.0073
vn -0.5223 -0.8522 0.0321
vn -0.5000 -0.8655 0.0297
vn -0.4889 -0.8711 -0.0476
vn -0.1057 -0.9804 0.1660
vn -0.1009 -0.9851 0.1391
vn -0.0929 -0.9851 0.1446
vn -0.9341 0.3494 0.0739
vn -0.9369 0.3438 0.0637
vn -0.8952 0.4453 -0.0192
vn -0.1240 0.6117 0.7813
vn -0.1255 0.6565 0.7438
vn -0.1571 0.5901 0.7919
vn -0.3515 -0.5480 0.7591
vn -0.3234 -0.5550 0.7664
vn -0.3677 -0.5730 0.7324
vn -0.3952 -0.8453 -0.3595
vn -0.3872 -0.8465 -0.3654
vn -0.4112 -0.8315 -0.3736
vn -0.3309 -0.3340 0.8826
vn -0.3259 -0.3443 0.8805
vn -0.3051 -0.3576 0.8826
vn 0.1995 0.6861 -0.6996
vn 0.1535 0.7058 -0.6916
vn 0.1951 0.6654 -0.7205
vn 0.2091 0.2085 -0.9554
vn 0.0353 0.6880 -0.7249
vn 0.1447 0.2544 -0.9562
vn -0.4385 0.8213 0.3649
vn -0.4525 0.8217 0.3463
vn -0.4520 0.8241 0.3413
vn -0.0700 0.9453 -0.3187
vn -0.0679 0.9458 -0.3175
vn -0.0750 0.9421 -0.3269
vn 0.6105 -0.5803 -0.5391
vn 0.6227 -0.5792 -0.5261
vn 0.6305 -0.5525 -0.5453
vn 0.1259 -0.9895 0.0710
vn 0.1236 -0.9899 0.0699
vn 0.1357 -0.9870 0.0862
vn 0.4788 -0.8105 -0.3375
vn 0.4294 -0.8344 -0.3456
vn 0.4754 -0.8134 -0.3351
vn 0.5401 0.0255 -0.8412
vn 0.5461 -0.0293 -0.8372
vn 0.5738 0.0048 -0.8190
vn 0.3688 0.5934 -0.7154
vn 0.3954 0.5733 -0.7176
vn 0.3618 0.5936 -0.7188
vn 0.2598 0.1634 -0.9517
vn 0.3312 0.2058 -0.9208
vn 0.3524 0.1835 -0.9177
vn 0.3127 -0.4958 -0.8102
vn 0.1074 -0.6544 -0.7485
vn 0.1653 -0.8039 -0.5714
vn 0.2844 -0.4828 -0.8282
vn 0.2700 -0.3755 -0.8866
vn 0.0721 -0.6614 -0.7465
vn 0.3295 -0.7300 -0.5988
vn 0.3214 -0.7165 -0.6191
vn 0.3079 -0.7279 -0.6127
vn -0.3701 0.7427 -0.5580
vn -0.3689 0.7252 -0.5814
vn -0.3993 0.7548 -0.5205
vn -0.6033 0.7801 0.1659
vn -0.5772 0.8017 0.1555
vn -0.5713 0.8110 0.1259
vn -0.0195 -0.9988 0.0451
vn -0.0331 -0.9970 0.0695
vn -0.0347 -0.9983 0.0463
vn 0.2401 -0.6200 0.7470
vn 0.2441 -0.6215 0.7444
vn 0.2318 -0.6291 0.7419
vn -0.6248 -0.6183 0.4767
vn -0.3636 -0.8471 0.3877
vn -0.3812 -0.8500 0.3636
vn 0.3004 0.9219 -0.2446
vn 0.0433 0.6694 -0.7417
vn 0.6455 0.1710 -0.7444
vn 0.2227 -0.9489 0.2236
vn 0.1744 -0.9276 0.3303
vn 0.1977 -0.9454 0.2591
vn -0.0963 -0.9764 -0.1932
vn 0.0045 -0.9975 -0.0711
vn -0.0165 -0.9907 -0.1349
vn 0.1395 0.7708 -0.6216
vn 0.0829 0.8197 -0.5668
vn 0.0391 0.7496 -0.6608
vn 0.8454 0.1434 0.5145
vn 0.8810 0.1026 0.4618
vn 0.8664 0.1212 0.4843
vn 0.3857 0.8355 -0.3914
vn 0.5410 0.7786 -0.3181
vn 0.5193 0.8068 -0.2819
vn -0.4593 -0.1197 0.8802
vn -0.2502 -0.2855 0.9251
vn -0.3034 -0.4631 0.8327
vn -0.2807 -0.6294 -0.7246
vn -0.3761 -0.5602 -0.7381
vn -0.2864 -0.6608 -0.6937
vn -0.3060 -0.0794 0.9487
vn -0.3165 -0.0499 0.9473
vn -0.3164 -0.0567 0.9469
vn -0.4185 -0.3509 -0.8377
vn -0.3832 -0.3853 -0.8395
vn -0.3476 -0.4182 -0.8392
vn -0.3440 -0.9388 -0.0173
vn -0.3315 -0.9381 -0.1007
vn -0.3338 -0.9423 -0.0273
vn -0.9649 0.0917 0.2462
vn -0.9800 0.0793 0.1827
vn -0.9850 0.0776 0.1539
vn -0.1580 -0.0149 -0.9873
vn -0.1462 0.0281 -0.9889
vn -0.2125 0.0066 -0.9771
vn 0.9449 0.2092 -0.2517
vn 0.9361 0.2230 -0.2720
vn 0.9260 0.2348 -0.2958
vn -0.2821 -0.4718 0.8354
vn -0.2902 -0.4574 0.8406
vn -0.2715 -0.4533 0.8490
vn -0.5196 0.5503 -0.6536
vn -0.4678 0.5290 -0.7080
vn -0.4779 0.5300 -0.7005
vn -0.1272 -0.9107 0.3931
vn -0.1414 -0.9502 0.2777
vn -0.1694 -0.9388 0.2998
vn -0.1459 -0.9041 -0.4017
vn -0.1341 -0.8886 -0.4387
vn -0.1999 -0.8870 -0.4163
vn -0.1941 -0.9778 0.0793
vn -0.1429 -0.9894 -0.0258
vn -0.2028 -0.9781 0.0460
vn 0.9104 0.3509 -0.2193
vn 0.9285 0.2888 -0.2335
vn 0.9199 0.2956 -0.2576
vn -0.8234 -0.1935 -0.5334
vn -0.8073 -0.2025 -0.5543
vn -0.7987 -0.2028 -0.5665
vn -0.8433 0.1409 0.5186
vn -0.6923 0.1685 0.7016
vn -0.7826 0.1032 0.6139
vn 0.4708 -0.1924 -0.8610
vn 0.4216 -0.1045 -0.9007
vn 0.3186 -0.0993 -0.9427
vn 0.1055 0.5367 -0.8372
vn 0.0947 0.4673 -0.8790
vn 0.1074 0.4753 -0.8733
vn -0.3344 -0.0643 0.9402
vn -0.1617 0.0292 0.9864
vn -0.3799 -0.2597 0.8878
vn -0.1550 0.3149 -0.9364
vn -0.0120 0.1806 -0.9835
vn -0.3718 0.7933 -0.4820
vn 0.2839 0.0616 -0.9569
vn 0.5797 -0.1096 -0.8075
vn 0.3505 0.0975 -0.9315
vn 0.4659 -0.6659 0.5827
vn 0.2934 -0.5220 0.8009
vn 0.3456 -0.5875 0.7317
vn -0.4808 0.2611 -0.8371
vn -0.5433 0.1646 -0.8233
vn -0.4794 0.0763 -0.8743
vn 0.2964 -0.5688 -0.7672
vn 0.3106 -0.5693 -0.7612
vn 0.3246 -0.5500 -0.7695
vn -0.2626 0.1732 -0.9492
vn -0.4238 0.2969 -0.8557
vn -0.4698 0.2213 -0.8546
vn 0.4834 0.3043 0.8208
vn 0.3604 0.4077 0.8390
vn 0.6247 0.2718 0.7320
vn 0.0863 0.0804 -0.9930
vn 0.0248 0.1177 -0.9927
vn -0.0232 0.1941 -0.9807
vn 0.5794 -0.5006 0.6433
vn 0.1255 -0.4997 0.8571
vn 0.5038 -0.1458 0.8514
vn 0.0953 -0.1236 0.9878
vn 0.0902 -0.2282 0.9694
vn -0.0485 0.1747 0.9834
vn -0.7980 0.1428 0.5855
vn -0.8209 0.4719 0.3216
vn -0.8585 0.2011 0.4717
vn -0.6129 0.2075 -0.7624
vn -0.2756 0.2771 -0.9205
vn -0.6265 0.5456 -0.5566
vn -0.9991 0.0199 0.0378
vn -0.8600 0.2190 0.4610
vn -0.9435 -0.1675 0.2860
vn -0.2964 0.3468 -0.8899
vn -0.4083 0.6923 -0.5950
vn -0.7378 0.6013 -0.3068
vn 0.3886 0.8104 -0.4384
vn -0.3447 0.5971 -0.7243
vn 0.4154 0.4965 -0.7621
vn -0.6463 0.7444 -0.1676
vn -0.6755 0.5899 -0.4423
vn -0.0969 0.7062 -0.7013
vn -0.1948 0.5178 -0.8330
vn -0.0878 0.7199 -0.6886
vn -0.3791 0.1302 -0.9161
vn -0.5546 -0.0831 0.8280
vn -0.7373 -0.3805 0.5582
vn -0.4641 0.1100 0.8789
vn -0.8895 0.2810 -0.3603
vn -0.8767 0.4401 -0.1943
vn -0.8837 0.2449 0.3989
vn -0.3548 0.5188 -0.7778
vn -0.1886 -0.5408 -0.8197
vn 0.0856 0.2148 -0.9729
vn -0.4812 0.3616 -0.7986
vn -0.6325 0.2254 -0.7411
vn -0.4608 0.3158 -0.8295
vn -0.0908 -0.2310 -0.9687
vn -0.0982 -0.7752 -0.6240
vn 0.0871 -0.6180 -0.7814
vn -0.0620 -0.9747 -0.2149
vn -0.1061 -0.9790 -0.1743
vn -0.0628 -0.9778 -0.2000
vn 0.0407 0.0546 -0.9977
vn 0.1577 0.1434 -0.9770
vn 0.0495 0.0648 -0.9967
vn -0.4901 0.4750 -0.7309
vn -0.3030 0.7627 -0.5714
vn -0.2416 0.9542 -0.1765
vn 0.0387 -0.1184 0.9922
vn 0.3710 0.0527 0.9271
vn 0.0810 -0.4638 0.8822
vn -0.0115 0.0475 0.9988
vn -0.1794 0.1549 0.9715
vn -0.3131 0.0823 0.9461
vn 0.1609 -0.3302 -0.9301
vn 0.1856 0.0945 -0.9781
vn 0.0109 -0.1337 -0.9910
vn 0.0106 0.1749 -0.9845
vn -0.1703 0.1527 -0.9735
vn -0.2786 -0.1664 -0.9459
vn -0.7795 0.4609 -0.4242
vn -0.7751 0.4088 -0.4818
vn -0.8931 0.1995 -0.4032
vn -0.4395 0.3735 -0.8169
vn 0.4821 -0.5788 0.6577
vn 0.8262 -0.2107 0.5224
vn 0.8872 -0.4081 0.2152
vn 0.8876 -0.4073 0.2153
vn 0.7701 -0.6202 0.1493
vn -0.1557 0.9610 -0.2284
vn -0.1987 0.7700 -0.6063
vn -0.1077 0.6408 -0.7601
vn -0.8744 0.4792 0.0763
vn -0.8946 0.3956 -0.2080
vn -0.8774 0.4722 0.0853
vn -0.3325 0.3080 0.8914
vn 0.9811 0.1787 -0.0743
vn 0.2143 -0.9359 -0.2796
vn -0.5372 0.1936 -0.8209
vn -0.4661 0.2283 -0.8548
vn -0.5547 0.4974 -0.6670
vn -0.9515 0.2887 0.1058
vn -0.9133 0.4032 0.0570
vn -0.8364 0.5080 -0.2060
vn -0.0224 -0.9132 -0.4068
vn 0.1255 -0.9134 -0.3871
vn 0.0649 -0.9182 -0.3906
vn -0.4373 -0.8065 0.3979
vn -0.4086 -0.8314 0.3765
vn -0.4472 -0.7469 0.4920
vn -0.9533 0.3010 -0.0262
vn -0.9330 0.3598 -0.0099
vn -0.9010 0.4284 0.0687
vn -0.4103 0.3064 -0.8589
vn -0.5077 0.2228 -0.8322
vn -0.5587 0.1189 -0.8208
vn -0.1047 -0.9699 0.2200
vn -0.0763 -0.9848 0.1558
vn -0.1663 -0.9476 0.2728
vn -0.2464 -0.9421 -0.2275
vn -0.2761 -0.9283 -0.2491
vn -0.2787 -0.9342 -0.2225
vn -0.5947 0.0061 0.8039
vn -0.6215 -0.0123 0.7833
vn -0.6061 0.0193 0.7952
vn -0.5679 0.5109 0.6453
vn -0.5599 0.4942 0.6650
vn -0.5613 0.4984 0.6607
vn 0.9549 0.0549 0.2917
vn 0.9575 0.0367 0.2860
vn 0.9586 0.0089 0.2846
vn -0.4236 -0.4514 -0.7854
vn -0.4142 -0.4738 -0.7771
vn -0.4316 -0.4569 -0.7778
vn 0.0781 -0.5573 0.8267
vn 0.0986 -0.5631 0.8205
vn 0.0693 -0.5646 0.8224
vn 0.3110 -0.5311 0.7882
vn 0.3843 -0.4998 0.7762
vn 0.3381 -0.5035 0.7951
vn -0.6525 -0.7208 0.2339
vn -0.6588 -0.7278 0.1906
vn -0.6509 -0.7241 0.2281
vn 0.9668 0.0753 0.2442
vn 0.9702 0.0898 0.2251
vn 0.9717 0.1148 0.2066
vn -0.4422 -0.1275 -0.8878
vn -0.4538 -0.1068 -0.8847
vn -0.5126 -0.1343 -0.8481
vn -0.9360 0.3520 -0.0011
vn -0.8889 0.4580 0.0042
vn -0.9032 0.4292 0.0012
vn 0.9415 -0.3049 0.1437
vn 0.9639 -0.2391 0.1174
vn 0.9379 -0.3163 0.1426
vn 0.9452 -0.2083 0.2514
vn 0.9443 -0.1918 0.2675
vn 0.9343 -0.1975 0.2969
vn -0.4362 0.0634 -0.8976
vn -0.4243 0.0835 -0.9017
vn -0.4500 0.0938 -0.8881
vn 0.5986 -0.4575 0.6575
vn 0.6304 -0.4414 0.6386
vn 0.6146 -0.5098 0.6020
vn 0.6743 -0.5069 0.5369
vn 0.6944 -0.4850 0.5317
vn 0.7330 -0.4793 0.4826
vn -0.1440 -0.0961 -0.9849
vn -0.2518 -0.0394 -0.9670
vn -0.1293 -0.0943 -0.9871
vn 0.0896 0.9078 -0.4098
vn 0.1491 0.9037 -0.4014
vn 0.1403 0.9055 -0.4005
vn 0.7899 0.4725 -0.3910
vn 0.7749 0.4568 -0.4369
vn 0.8012 0.4557 -0.3878
vn 0.3217 -0.6224 -0.7136
vn 0.3950 -0.5800 -0.7124
vn 0.2654 -0.6514 -0.7108
vn 0.7107 0.6817 0.1741
vn 0.7127 0.6760 0.1874
vn 0.6546 0.7379 0.1643
vn 0.1027 0.2016 -0.9741
vn 0.0707 0.1760 -0.9818
vn 0.1118 0.3014 -0.9469
vn 0.3128 0.9480 -0.0592
vn 0.3623 0.9309 -0.0458
vn 0.3662 0.9291 -0.0511
vn -0.1330 -0.9906 -0.0317
vn -0.1471 -0.9854 -0.0857
vn -0.1398 -0.9897 -0.0321
vn 0.3571 0.0810 -0.9305
vn 0.3958 0.0740 -0.9154
vn 0.3606 0.1273 -0.9240
vn -0.9975 0.0565 0.0427
vn -0.9828 0.1494 0.1089
vn -0.9935 0.1065 0.0399
vn -0.9670 -0.0207 0.2539
vn -0.9500 -0.0452 0.3090
vn -0.9659 -0.0905 0.2424
vn -0.7491 0.2254 0.6229
vn -0.7367 0.2193 0.6397
vn -0.7511 0.2162 0.6237
vn -0.4066 0.6113 0.6790
vn -0.4059 0.6376 0.6548
vn -0.3952 0.6410 0.6580
vn -0.3668 0.9153 0.1664
vn -0.3670 0.9176 0.1526
vn -0.3713 0.9194 0.1297
vn -0.3961 -0.0029 -0.9182
vn -0.3909 -0.0785 -0.9171
vn -0.4025 -0.0358 -0.9147
vn -0.9836 0.1554 -0.0912
vn -0.9869 0.1598 0.0228
vn -0.9867 0.1624 0.0023
vn 0.9262 -0.3660 0.0903
vn 0.9276 -0.3621 0.0922
vn 0.8962 -0.4287 0.1144
vn 0.9252 0.2243 -0.3062
vn 0.9229 0.2064 -0.3251
vn 0.9301 0.2028 -0.3061
vn 0.0460 0.9464 -0.3196
vn 0.0365 0.9525 -0.3024
vn -0.0728 0.9574 -0.2795
vn -0.2697 -0.2090 -0.9400
vn -0.2933 -0.2613 -0.9196
vn -0.2934 -0.1829 -0.9383
vn -0.0663 -0.9724 0.2236
vn -0.0645 -0.9702 0.2334
vn -0.0807 -0.9576 0.2765
vn -0.0629 0.7610 0.6456
vn -0.0234 0.7887 0.6143
vn -0.0185 0.7762 0.6302
vn -0.0492 -0.9886 0.1424
vn -0.0062 -0.9877 0.1560
vn 0.0427 -0.9858 0.1621
vn -0.0899 -0.9890 0.1178
vn -0.0899 -0.9917 0.0919
vn -0.0556 -0.9936 0.0983
vn -0.0598 -0.9941 0.0901
vn -0.0931 -0.9916 0.0894
vn -0.0584 -0.9941 0.0918
vn 0.9128 0.4045 0.0566
vn 0.9042 -0.0969 0.4159
vn 0.9969 -0.0772 0.0148
vn 0.5910 -0.6217 0.5141
vn 0.5371 -0.6833 0.4946
vn 0.6998 -0.6196 0.3554
vn -0.1167 0.9166 0.3825
vn -0.1209 0.9131 0.3895
vn -0.1176 0.9179 0.3790
vn -0.0734 -0.9851 0.1554
vn -0.0649 -0.9949 0.0775
vn -0.0387 -0.9914 0.1249
vn 0.5327 0.8441 -0.0610
vn 0.5839 0.8111 -0.0337
vn 0.5306 0.8454 -0.0618
vn 0.7173 -0.5614 -0.4128
vn 0.7234 -0.5677 -0.3930
vn 0.7281 -0.5599 -0.3955
vn -0.5698 0.3707 -0.7334
vn -0.5896 0.4128 -0.6942
vn -0.5801 0.3503 -0.7354
vn -0.5273 0.4366 -0.7289
vn -0.4939 0.4345 -0.7531
vn -0.5282 0.4110 -0.7431
vn -0.6161 -0.5833 0.5293
vn -0.6181 -0.5714 0.5399
vn -0.6106 -0.5666 0.5532
vn -0.5672 0.7311 -0.3791
vn -0.6063 0.6496 -0.4587
vn -0.2802 0.7214 -0.6333
vn -0.2931 -0.6804 -0.6716
vn -0.2908 -0.7170 -0.6335
vn -0.4169 -0.6794 -0.6038
vn 0.1873 0.8112 0.5539
vn 0.2036 0.7964 0.5695
vn 0.1862 0.8070 0.5604
vn -0.9422 -0.0633 0.3290
vn -0.9453 -0.0819 0.3157
vn -0.9480 -0.0256 0.3174
vn -0.9925 -0.0697 0.1002
vn -0.9920 -0.0553 0.1136
vn -0.9914 -0.0537 0.1191
vn -0.7963 0.5415 -0.2696
vn -0.8171 0.5431 -0.1932
vn -0.7910 0.5362 -0.2945
vn 0.0866 0.8517 -0.5169
vn 0.0576 0.9514 -0.3026
vn -0.0347 0.7197 -0.6934
vn -0.0163 0.9065 -0.4220
vn 0.1647 0.9208 -0.3536
vn 0.0472 0.9785 -0.2009
vn -0.3599 -0.8185 -0.4478
vn -0.4391 -0.7147 -0.5444
vn -0.3946 -0.9148 -0.0856
vn -0.2023 -0.9745 0.0974
vn 0.0414 -0.8943 0.4456
vn 0.0859 -0.9438 0.3190
vn 0.0490 0.8992 -0.4348
vn 0.1970 0.9655 -0.1701
vn 0.2735 0.9604 -0.0538
vn 0.2709 0.9159 0.2961
vn 0.2191 0.8837 0.4135
vn 0.2060 0.9222 0.3273
vn -0.0472 -0.7310 -0.6808
vn -0.0405 -0.7550 -0.6545
vn -0.0935 -0.7464 -0.6589
vn 0.2940 0.8998 0.3222
vn 0.2957 0.8772 0.3783
vn 0.2547 0.8576 0.4467
vn -0.1047 -0.9862 -0.1286
vn -0.0591 -0.9913 -0.1174
vn -0.0227 -0.9964 -0.0819
vn -0.2431 0.9525 -0.1835
vn -0.0712 0.9517 -0.2987
vn -0.0470 0.9975 -0.0528
vn -0.2748 -0.5965 -0.7541
vn -0.1766 -0.5561 -0.8121
vn -0.3508 -0.5875 -0.7293
vn 0.0511 -0.9950 -0.0853
vn -0.1451 -0.9465 -0.2882
vn -0.0698 -0.9818 -0.1766
vn -0.5834 -0.3437 0.7359
vn -0.5840 -0.3640 0.7256
vn -0.5865 -0.3386 0.7358
vn -0.0016 -0.7925 -0.6099
vn -0.0714 -0.9970 0.0302
vn 0.1176 -0.9893 0.0863
vn 0.1834 -0.9342 0.3061
vn 0.1535 -0.9783 0.1394
vn -0.0785 -0.9946 0.0675
vn -0.0379 0.9146 -0.4025
vn 0.3187 0.6449 -0.6946
vn -0.1405 0.9194 -0.3674
vn 0.2765 -0.9530 -0.1241
vn -0.0612 -0.9825 0.1759
vn 0.0878 -0.9803 0.1770
vn -0.1247 0.9843 -0.1249
vn -0.0822 0.9646 -0.2507
vn -0.0997 0.9930 -0.0639
vn -0.1532 0.9615 -0.2282
vn -0.0971 0.9540 -0.2838
vn -0.0349 0.9971 -0.0680
vn 0.0682 -0.9331 0.3532
vn 0.0377 -0.9323 0.3598
vn 0.0457 -0.9244 0.3787
vn 0.5322 0.8235 -0.1966
vn 0.5535 0.8074 -0.2043
vn 0.5610 0.8106 -0.1676
vn -0.6062 -0.1041 -0.7885
vn -0.6052 0.0345 -0.7953
vn -0.6463 -0.0288 -0.7626
vn 0.3811 0.7992 0.4648
vn 0.2977 0.6754 0.6747
vn 0.5915 0.7655 0.2533
vn -0.0939 0.8980 0.4298
vn 0.3070 0.9359 0.1727
vn 0.0102 0.8289 0.5593
vn 0.3160 0.6983 0.6423
vn 0.4877 0.6478 0.5852
vn 0.3407 0.5914 0.7309
vn -0.5627 -0.1887 0.8049
vn -0.5471 -0.1661 0.8204
vn -0.5296 -0.2242 0.8181
vn 0.2706 0.0521 0.9613
vn 0.2878 0.0359 0.9570
vn 0.2580 0.0423 0.9652
vn -0.9558 -0.2908 -0.0423
vn -0.9531 -0.2952 -0.0660
vn -0.9446 -0.3271 -0.0257
vn 0.0232 0.7301 0.6829
vn -0.0098 0.7546 0.6561
vn -0.0035 0.7568 0.6536
vn -0.3968 -0.8563 0.3308
vn -0.4626 -0.8187 0.3403
vn -0.3934 -0.8379 0.3784
vn 0.2659 0.3163 -0.9106
vn 0.2779 0.3637 -0.8891
vn 0.3044 0.3305 -0.8934
vn 0.1628 -0.8992 -0.4061
vn 0.1411 -0.8958 -0.4214
vn 0.1702 -0.9002 -0.4008
vn -0.1045 -0.9934 -0.0475
vn -0.0549 -0.9955 -0.0767
vn -0.0177 -0.9998 -0.0110
vn 0.2068 -0.8299 -0.5182
vn 0.1804 -0.3058 -0.9348
vn -0.2677 -0.0432 -0.9625
vn -0.7246 -0.6697 -0.1627
vn -0.5097 -0.8067 0.2991
vn -0.1414 -0.9386 -0.3146
vn -0.2018 0.5247 0.8270
vn -0.0566 0.7508 0.6581
vn -0.1751 0.5921 0.7866
vn -0.3430 -0.2084 -0.9159
vn -0.3288 0.0119 -0.9443
vn -0.4629 -0.5041 -0.7291
vn -0.0847 -0.9762 -0.1998
vn -0.1412 -0.9538 -0.2654
vn -0.0726 -0.9913 -0.1100
vn -0.8482 -0.3504 0.3972
vn -0.8819 -0.3390 0.3276
vn -0.8748 -0.3026 0.3784
vn -0.9561 -0.2869 0.0593
vn -0.9624 -0.2672 0.0493
vn -0.9775 -0.2100 0.0191
vn -0.9680 -0.2247 -0.1115
vn -0.9623 -0.2342 -0.1384
vn -0.9531 -0.2326 -0.1935
vn 0.6334 0.7576 -0.1576
vn 0.6519 0.7381 -0.1741
vn 0.6867 0.7166 -0.1224
vn 0.8100 0.3831 -0.4441
vn 0.8393 0.3111 -0.4459
vn 0.8400 0.3411 -0.4220
vn 0.0771 -0.1646 -0.9833
vn 0.0929 -0.3919 -0.9153
vn 0.1898 -0.3276 -0.9256
vn -0.3998 0.9166 0.0082
vn -0.4138 0.9083 0.0613
vn -0.3801 0.9248 0.0155
vn 0.8777 0.1646 0.4501
vn 0.8415 0.2250 0.4912
vn 0.8623 0.2189 0.4566
vn 0.1876 -0.9476 0.2585
vn 0.1607 -0.9443 0.2871
vn 0.2000 -0.9465 0.2532
vn 0.4997 -0.0524 -0.8646
vn 0.4120 -0.4162 -0.8106
vn 0.7782 0.1024 -0.6196
vn -0.0881 -0.3477 -0.9334
vn -0.1847 -0.4502 -0.8736
vn -0.1586 -0.7113 -0.6848
vn -0.3538 -0.7946 -0.4934
vn -0.0014 -0.9215 -0.3884
vn -0.0005 -0.5314 -0.8471
vn 0.0715 0.8494 0.5230
vn -0.1452 0.7763 0.6134
vn 0.1480 0.9265 0.3459
vn 0.2207 -0.9749 0.0300
vn 0.1551 -0.9871 -0.0410
vn 0.2881 -0.9521 -0.1026
vn 0.1442 0.3359 -0.9308
vn 0.1318 0.3107 -0.9413
vn 0.1367 0.3230 -0.9365
vn -0.8888 -0.1687 0.4260
vn -0.8937 -0.1444 0.4249
vn -0.8861 -0.1423 0.4411
vn -0.0640 0.9584 0.2783
vn 0.1968 0.9261 0.3218
vn -0.5121 0.6530 0.5580
vn -0.0155 0.7414 0.6709
vn -0.0156 0.7420 0.6702
vn 0.2820 0.8108 0.5130
vn -0.7512 0.6589 -0.0386
vn -0.7614 0.5953 0.2567
vn -0.3241 0.9099 -0.2589
vn -0.6518 -0.7319 0.1988
vn -0.6736 -0.7136 0.1926
vn -0.6476 -0.7384 0.1881
vn 0.9194 0.2277 -0.3208
vn 0.8985 0.2700 -0.3461
vn 0.9009 0.2706 -0.3393
vn -0.3978 0.8948 0.2027
vn -0.3558 0.9155 0.1877
vn -0.3894 0.8919 0.2299
vn -0.0820 -0.7186 -0.6906
vn -0.0619 -0.7523 -0.6559
vn -0.1080 -0.7329 -0.6717
vn -0.2706 0.9596 -0.0769
vn -0.2072 0.9778 -0.0322
vn -0.2771 0.9598 -0.0453
vn 0.0172 -0.9973 0.0718
vn -0.0068 -0.9980 0.0623
vn 0.0061 -0.9990 0.0448
vn 0.2808 -0.8183 -0.5016
vn 0.1204 -0.8962 -0.4271
vn 0.1261 -0.9076 -0.4005
vn -0.0394 -0.9249 -0.3782
vn 0.1737 -0.9506 -0.2572
vn 0.2636 -0.7237 -0.6378
vn -0.1720 -0.5937 0.7861
vn -0.3013 -0.6032 0.7385
vn 0.0685 -0.5532 0.8302
vn -0.0467 -0.3631 0.9306
vn -0.0049 -0.3726 0.9280
vn -0.0522 -0.4665 0.8830
vn -0.6013 0.3283 -0.7285
vn -0.6169 0.3251 -0.7168
vn -0.6119 0.3324 -0.7177
vn -0.2929 0.9524 0.0847
vn -0.2480 0.9630 0.1052
vn -0.2114 0.9739 0.0828
vn 0.0092 -0.9890 -0.1477
vn 0.0163 -0.9860 -0.1661
vn 0.0583 -0.9915 -0.1164
vn -0.3414 0.8663 -0.3647
vn -0.3455 0.8672 -0.3587
vn -0.3650 0.8474 -0.3857
vn 0.0731 -0.9723 0.2222
vn 0.0611 -0.9720 0.2268
vn 0.0571 -0.9683 0.2431
vn -0.9119 0.3780 -0.1599
vn -0.9160 0.3694 -0.1567
vn -0.9237 0.3516 -0.1520
vn 0.8038 0.5490 0.2290
vn 0.8359 0.4944 0.2383
vn 0.8215 0.5099 0.2551
vn -0.0221 -0.9923 0.1221
vn -0.0842 -0.9916 0.0981
vn -0.0569 -0.9910 0.1213
vn -0.4746 -0.2327 0.8489
vn -0.4636 -0.2414 0.8525
vn -0.5065 -0.2493 0.8254
vn -0.5029 -0.3370 0.7959
vn -0.4929 -0.3551 0.7943
vn -0.5062 -0.3375 0.7936
vn -0.4319 0.9003 -0.0541
vn -0.3886 0.9213 -0.0133
vn -0.4203 0.9074 -0.0002
vn 0.2699 0.1294 -0.9541
vn 0.2331 -0.0189 -0.9723
vn 0.6029 -0.2535 -0.7565
vn 0.0754 -0.0834 -0.9937
vn 0.0142 -0.1191 -0.9928
vn 0.2041 -0.0109 -0.9789
vn -0.9800 -0.1090 -0.1664
vn -0.9537 -0.0072 0.3008
vn -0.9821 -0.1862 -0.0287
vn -0.9904 -0.1296 -0.0482
vn -0.9527 -0.1649 0.2554
vn -0.8908 -0.4080 0.1998
vn -0.6488 -0.7606 0.0223
vn -0.6153 -0.7871 -0.0435
vn -0.6637 -0.7467 -0.0437
vn -0.4361 -0.8394 0.3244
vn -0.4310 -0.8339 0.3446
vn -0.3652 -0.8457 0.3890
vn 0.8317 -0.1828 -0.5243
vn 0.5592 -0.7436 -0.3666
vn 0.9659 -0.2099 0.1513
vn -0.4066 0.5472 0.7316
vn -0.2882 -0.0341 0.9570
vn -0.3556 0.3937 0.8477
vn -0.7222 -0.5410 0.4309
vn -0.7245 -0.5462 0.4203
vn -0.7229 -0.5515 0.4162
vn -0.9266 0.1999 0.3187
vn -0.9144 0.2449 0.3224
vn -0.9218 0.2275 0.3137
vn 0.1031 0.8007 -0.5902
vn 0.0983 0.8550 -0.5092
vn 0.1182 0.8388 -0.5314
vn -0.0576 -0.9700 -0.2362
vn -0.0990 -0.9796 -0.1746
vn -0.0776 -0.9800 -0.1833
vn -0.8656 -0.3597 0.3484
vn -0.8702 -0.3694 0.3261
vn -0.9068 -0.2804 0.3149
vn 0.5590 0.3824 0.7358
vn 0.5717 0.3981 0.7173
vn 0.5746 0.3918 0.7185
vn 0.9644 0.0087 -0.2643
vn 0.9859 0.1448 0.0838
vn 0.7895 -0.0217 -0.6134
vn 0.2325 -0.1584 -0.9596
vn 0.6082 -0.0493 -0.7923
vn 0.1299 0.1870 -0.9737
vn 0.8519 0.3361 -0.4015
vn 0.9064 -0.0692 0.4168
vn 0.5679 0.7572 0.3229
vn -0.1739 -0.2842 0.9429
vn -0.1090 -0.3929 0.9131
vn -0.5661 -0.4880 0.6644
vn 0.1009 -0.9933 -0.0557
vn 0.9705 -0.0326 -0.2388
vn 0.6731 -0.5653 -0.4767
vn -0.2227 0.0989 -0.9699
vn -0.0401 -0.0961 -0.9946
vn -0.1273 0.1015 -0.9867
vn 0.9868 -0.0672 0.1472
vn 0.9789 -0.0420 0.2001
vn 0.9874 0.0546 0.1488
vn -0.8684 0.2760 -0.4120
vn -0.8701 0.2749 -0.4091
vn -0.8850 0.2601 -0.3862
vn 0.1896 0.8311 0.5228
vn 0.1865 0.8971 0.4005
vn 0.1621 0.7598 0.6296
vn 0.1912 -0.5310 -0.8255
vn 0.6323 0.0436 -0.7735
vn 0.3894 -0.1941 -0.9004
vn -0.9260 0.1890 0.3269
vn -0.9326 0.1382 0.3333
vn -0.9185 0.2106 0.3347
vn -0.6546 0.6797 0.3309
vn -0.7235 0.6293 0.2838
vn -0.6905 0.6512 0.3148
vn -0.4648 -0.3912 0.7943
vn -0.4578 -0.4913 0.7410
vn -0.5688 -0.3248 0.7556
vn -0.0809 -0.9678 -0.2384
vn -0.1616 -0.9617 -0.2213
vn -0.1229 -0.9623 -0.2426
vn 0.9310 0.3330 -0.1495
vn 0.9673 0.2294 -0.1082
vn 0.9261 0.3606 -0.1109
vn -0.5672 0.2117 0.7959
vn -0.5258 0.3462 0.7769
vn -0.8398 -0.0219 0.5424
vn -0.6438 -0.3543 0.6782
vn -0.7749 -0.4245 0.4684
vn -0.6853 -0.4793 0.5483
vn 0.1296 -0.4626 0.8771
vn 0.1887 -0.5221 0.8318
vn 0.3495 -0.5232 0.7772
vn 0.2659 -0.3167 0.9105
vn -0.0447 0.5765 0.8159
vn 0.3101 0.1512 0.9386
vn -0.6850 0.6879 0.2400
vn -0.6056 0.7635 0.2241
vn -0.2129 0.6938 0.6880
vn 0.9337 0.3188 -0.1632
vn 0.9189 0.3560 -0.1702
vn 0.9372 0.2124 -0.2767
vn 0.1022 -0.9722 0.2109
vn 0.5773 -0.8031 0.1473
vn 0.4224 -0.9024 0.0855
vn 0.1418 0.2579 -0.9557
vn 0.2782 0.0827 -0.9570
vn 0.4059 0.1483 -0.9018
vn -0.8866 0.0382 -0.4609
vn -0.9849 0.1450 0.0944
vn -0.8209 -0.4221 -0.3846
vn -0.3749 -0.0036 0.9271
vn -0.4391 0.2998 0.8469
vn -0.1868 0.3329 0.9243
vn 0.4356 0.5237 0.7321
vn 0.1805 0.0920 0.9793
vn 0.4765 0.5898 0.6520
vn -0.3716 0.6238 0.6876
vn -0.4326 0.2004 0.8790
vn -0.2992 0.6791 0.6703
vn -0.2552 0.8963 0.3627
vn -0.2862 0.8840 0.3696
vn -0.2381 0.8941 0.3794
vn -0.0970 0.4920 -0.8651
vn -0.0849 0.5304 -0.8435
vn -0.1319 0.4985 -0.8568
vn -0.8596 -0.0143 0.5108
vn -0.8625 -0.0617 0.5022
vn -0.8292 -0.0346 0.5579
vn -0.9467 0.2932 -0.1331
vn -0.9571 0.2460 -0.1530
vn -0.9596 0.2620 -0.1028
vn -0.4299 0.5612 0.7073
vn 0.1750 0.8439 0.5071
vn -0.2175 0.7211 0.6578
vn 0.5972 -0.0646 -0.7995
vn -0.8116 -0.5661 0.1445
vn 0.8742 -0.2943 -0.3862
vn -0.2197 0.8451 -0.4874
vn -0.1709 0.8786 -0.4460
vn -0.1844 0.8184 -0.5442
vn -0.2067 0.8540 -0.4774
vn -0.1717 0.9220 -0.3469
vn -0.2151 0.8957 -0.3892
vn -0.9637 -0.2368 0.1237
vn -0.9600 -0.2786 0.0280
vn -0.9637 -0.2566 0.0738
vn -0.5905 -0.8046 -0.0632
vn -0.6934 -0.7200 -0.0273
vn -0.6669 -0.7436 -0.0475
vn -0.1401 -0.9339 -0.3289
vn 0.0258 -0.9817 -0.1889
vn -0.4071 -0.7843 -0.4681
vn 0.1431 -0.9761 0.1634
vn 0.0992 -0.9865 0.1304
vn 0.1440 -0.9769 0.1577
vn 0.2803 -0.8204 0.4984
vn 0.0694 -0.9795 0.1893
vn -0.6517 -0.6741 0.3477
vn -0.3331 -0.8710 -0.3612
vn -0.3660 -0.9075 -0.2063
vn -0.3394 -0.9172 -0.2089
vn 0.3243 0.9116 0.2527
vn 0.2166 0.9665 0.1374
vn 0.1977 0.9626 0.1852
vn 0.1141 0.9922 -0.0506
vn 0.1930 0.9648 0.1787
vn 0.2120 0.9663 0.1464
vn 0.2019 0.9609 0.1896
vn -0.1771 -0.9690 -0.1726
vn -0.1826 -0.9562 -0.2287
vn -0.2141 -0.9498 -0.2284
vn 0.0118 -0.4604 0.8876
vn 0.2770 -0.8413 0.4642
vn 0.2372 -0.8180 0.5240
vn -0.7181 -0.1488 0.6798
vn -0.8242 -0.4734 0.3108
vn -0.6947 -0.3144 0.6470
vn 0.3516 0.5407 -0.7642
vn 0.6488 0.4626 -0.6042
vn 0.5149 0.4857 -0.7064
vn -0.6284 -0.7091 0.3197
vn -0.1925 -0.7554 0.6263
vn 0.0452 -0.9052 0.4225
vn 0.9225 0.3777 -0.0794
vn 0.9579 0.2822 -0.0531
vn 0.9493 0.3080 0.0634
vn 0.2025 0.5952 -0.7776
vn 0.4206 0.3421 -0.8402
vn 0.5091 0.5465 -0.6650
vn 0.3231 -0.3437 0.8817
vn -0.0246 -0.5952 0.8032
vn 0.0763 -0.4178 0.9053
vn 0.7223 0.6452 -0.2491
vn 0.4169 0.6119 -0.6721
vn 0.4669 0.4202 -0.7781
vn 0.9848 0.0566 -0.1641
vn 0.9612 0.2739 0.0342
vn 0.9786 0.2045 -0.0215
vn 0.4497 -0.2348 -0.8617
vn 0.2533 -0.3149 -0.9147
vn 0.3935 -0.3126 -0.8646
vn -0.2264 0.9606 0.1610
vn 0.3669 0.6778 0.6371
vn -0.0300 0.9985 0.0450
vn 0.4214 -0.0984 -0.9015
vn 0.0373 -0.1006 -0.9942
vn 0.0508 -0.4110 -0.9102
vn -0.5862 -0.1975 0.7857
vn -0.6050 -0.1958 0.7718
vn -0.5874 -0.1878 0.7872
vn -0.4652 0.1330 -0.8751
vn -0.4891 0.1659 -0.8563
vn -0.5346 0.1432 -0.8329
vn -0.3417 0.6292 -0.6981
vn -0.3095 0.7485 -0.5865
vn -0.3454 0.7132 -0.6099
vn -0.5399 -0.6734 -0.5049
vn -0.8380 -0.5022 -0.2132
vn -0.6268 -0.7091 0.3229
vn 0.6210 0.4148 -0.6651
vn 0.2466 0.3747 -0.8938
vn 0.3700 -0.0558 -0.9274
vn -0.0205 0.8074 -0.5896
vn -0.4297 0.3444 -0.8347
vn -0.2920 0.1995 -0.9354
vn -0.0098 -0.7962 0.6050
vn -0.2047 -0.9328 0.2965
vn 0.0401 -0.7696 0.6373
vn 0.0969 -0.1302 -0.9867
vn 0.1669 0.2138 -0.9625
vn -0.1126 -0.3900 -0.9139
vn -0.0626 0.9938 0.0923
vn 0.1553 0.9841 -0.0859
vn 0.0823 0.9961 0.0303
vn 0.7908 0.0174 -0.6118
vn 0.7150 -0.0997 -0.6919
vn 0.8596 -0.3038 -0.4108
vn -0.0396 -0.9618 -0.2708
vn 0.0710 -0.8469 -0.5269
vn -0.4325 -0.5517 -0.7131
vn 0.4127 0.0966 0.9057
vn 0.3984 -0.2721 0.8759
vn -0.2950 0.8184 -0.4932
vn 0.1278 -0.9369 0.3253
vn -0.0637 -0.9583 0.2785
vn -0.0887 -0.9936 0.0702
vn 0.2787 0.9598 0.0344
vn 0.2785 0.9598 0.0342
vn 0.2801 0.9594 0.0338
vn -0.0212 0.9988 0.0431
vn -0.0317 0.9982 -0.0517
vn -0.0018 0.9912 0.1327
vn -0.1550 -0.9621 -0.2242
vn -0.1726 -0.9558 -0.2381
vn -0.1485 -0.9434 -0.2965
vn -0.5988 -0.2968 0.7439
vn -0.5408 -0.2245 0.8106
vn -0.5759 -0.1668 0.8003
vn 0.4335 0.5804 -0.6893
vn 0.3202 0.4803 -0.8166
vn 0.5708 0.3934 -0.7207
vn 0.7826 0.5572 -0.2776
vn 0.7344 0.4060 -0.5439
vn 0.8777 0.3969 -0.2684
vn 0.3782 0.4693 -0.7980
vn 0.3582 0.5848 -0.7278
vn 0.3219 0.5739 -0.7530
vn -0.1182 -0.7266 0.6768
vn -0.2692 -0.6635 0.6981
vn -0.2658 -0.5518 0.7905
vn 0.1267 0.5137 -0.8486
vn 0.2952 0.5838 -0.7563
vn 0.1072 0.5386 -0.8357
vn -0.1970 -0.6116 0.7663
vn -0.2665 -0.6197 0.7382
vn -0.3220 -0.4882 0.8111
vn -0.8587 0.2322 -0.4568
vn -0.8472 0.0464 -0.5292
vn -0.7059 0.0792 -0.7039
vn 0.6507 0.4273 0.6277
vn 0.5961 0.5254 0.6072
vn 0.6289 0.5328 0.5663
vn 0.8288 0.4846 0.2799
vn 0.8038 0.4937 0.3318
vn 0.8187 0.5095 0.2650
vn 0.6125 -0.3695 0.6988
vn 0.5740 -0.4899 0.6561
vn 0.5576 -0.4685 0.6853
vn -0.4348 0.0666 -0.8981
vn -0.4079 0.0639 -0.9108
vn -0.4588 0.0731 -0.8855
vn 0.5139 0.6360 0.5758
vn 0.5016 0.6255 0.5977
vn 0.4829 0.5988 0.6389
vn -0.8938 -0.2255 0.3876
vn -0.9105 -0.2057 0.3587
vn -0.8876 -0.2274 0.4006
vn -0.9882 -0.0778 -0.1320
vn -0.9803 -0.0561 -0.1896
vn -0.9850 -0.0599 -0.1621
vn -0.1335 0.8067 0.5757
vn -0.0441 0.7637 0.6441
vn -0.1032 0.7567 0.6456
vn -0.1063 0.7252 -0.6803
vn 0.2899 0.7737 -0.5633
vn 0.2126 0.9715 -0.1050
vn -0.4706 -0.8719 -0.1352
vn -0.2867 -0.9524 -0.1033
vn -0.2836 -0.9421 -0.1787
vn -0.3572 0.8920 0.2771
vn -0.1256 0.9046 0.4072
vn -0.5605 0.5184 0.6459
vn -0.0411 -0.0371 -0.9985
vn -0.1627 -0.1904 -0.9681
vn -0.0956 -0.2367 0.9669
vn -0.0279 0.9936 -0.1090
vn 0.0082 0.9896 -0.1438
vn 0.0192 0.9904 -0.1369
vn -0.9377 -0.2015 0.2830
vn -0.9427 -0.1891 0.2749
vn -0.9407 -0.1802 0.2874
vn -0.0638 -0.9360 -0.3462
vn -0.0250 -0.9619 -0.2724
vn -0.1893 -0.9273 -0.3230
vn 0.1598 0.5516 -0.8187
vn -0.0802 0.6145 -0.7848
vn -0.2672 0.5585 -0.7853
vn 0.0850 -0.5140 0.8536
vn 0.1444 -0.5506 0.8222
vn -0.0455 -0.4713 0.8808
vn 0.1989 0.6648 -0.7201
vn -0.1663 0.7534 -0.6362
vn -0.2123 0.7287 -0.6511
vn 0.0805 -0.5412 0.8370
vn 0.0350 -0.5338 0.8449
vn -0.0234 -0.5522 0.8334
vn -0.2377 -0.3842 0.8921
vn -0.2988 -0.5265 0.7959
vn -0.2797 -0.5041 0.8171
vn 0.3658 0.3768 -0.8510
vn 0.3522 0.3728 -0.8585
vn 0.3893 0.2908 -0.8740
vn 0.8623 -0.3971 -0.3142
vn 0.8956 -0.3780 -0.2346
vn 0.8792 -0.4034 -0.2536
vn -0.1809 -0.9704 -0.1599
vn -0.2325 -0.9654 -0.1183
vn -0.1787 -0.9820 -0.0605
vn 0.6715 0.4288 -0.6044
vn 0.6725 0.4397 -0.5953
vn 0.6588 0.4491 -0.6035
vn -0.8605 0.4476 0.2431
vn -0.6791 0.4430 0.5853
vn -0.8072 0.2643 0.5278
vn 0.2457 0.8797 -0.4071
vn 0.0540 0.8401 -0.5397
vn 0.1819 0.8122 -0.5543
vn 0.0727 0.8693 -0.4890
vn -0.0961 0.6128 -0.7844
vn 0.0655 0.6221 -0.7802
vn -0.4236 -0.4597 -0.7805
vn -0.4366 -0.4807 -0.7605
vn -0.4097 -0.4807 -0.7753
vn -0.0447 -0.5170 0.8548
vn -0.0106 -0.3982 0.9172
vn -0.0034 -0.5154 0.8570
vn -0.8732 0.3236 -0.3645
vn -0.8672 0.2889 -0.4055
vn -0.8682 0.3428 -0.3588
vn 0.2189 0.5437 -0.8102
vn 0.1810 0.5955 -0.7827
vn 0.1751 0.5492 -0.8171
vn 0.2279 -0.6517 0.7235
vn 0.1974 -0.6774 0.7087
vn 0.2147 -0.7349 0.6433
vn 0.0238 0.9865 -0.1619
vn 0.0565 0.9862 -0.1559
vn 0.0325 0.9883 -0.1489
vn -0.3897 0.5709 -0.7227
vn -0.4511 0.5311 -0.7173
vn -0.4846 0.5135 -0.7082
vn -0.3380 0.6631 -0.6679
vn -0.3723 0.6511 -0.6614
vn -0.3579 0.5935 -0.7209
vn 0.8777 0.3696 -0.3049
vn 0.8752 0.3727 -0.3084
vn 0.8809 0.3427 -0.3265
vn -0.9985 0.0512 -0.0179
vn -0.9995 -0.0147 0.0271
vn -0.9991 -0.0147 0.0395
vn -0.9858 0.1193 0.1183
vn -0.9758 0.1098 0.1890
vn -0.9661 0.1319 0.2221
vn -0.6246 -0.5401 0.5641
vn -0.5972 -0.6028 0.5291
vn -0.6168 -0.6019 0.5072
vn -0.4054 -0.9028 -0.1432
vn -0.3954 -0.9079 -0.1391
vn -0.3781 -0.8977 -0.2262
vn 0.6924 0.7094 -0.1316
vn 0.6832 0.7225 -0.1058
vn 0.6803 0.7194 -0.1401
vn 0.0136 -0.5907 -0.8068
vn 0.0431 -0.5676 -0.8222
vn 0.0161 -0.5010 -0.8653
vn 0.1229 -0.5414 0.8318
vn -0.0118 -0.5075 0.8616
vn 0.0284 -0.5743 0.8182
vn -0.1698 -0.5608 -0.8103
vn -0.1830 -0.6180 -0.7646
vn -0.1917 -0.6019 -0.7752
vn 0.2399 0.1847 -0.9531
vn 0.2097 0.1275 -0.9694
vn 0.1877 0.1632 -0.9686
vn -0.9997 0.0243 -0.0052
vn -0.9980 0.0575 0.0268
vn -0.9988 -0.0065 0.0488
vn -0.9882 0.1459 -0.0467
vn -0.9886 0.1213 -0.0887
vn -0.9893 0.1238 -0.0770
vn 0.1014 0.2362 0.9664
vn 0.0046 0.2764 0.9610
vn -0.0284 0.2442 0.9693
vn -0.1649 0.5249 -0.8350
vn -0.1459 0.4844 -0.8626
vn -0.1286 0.4991 -0.8570
vn -0.5111 0.7490 0.4216
vn -0.4911 0.7769 0.3940
vn -0.5139 0.7692 0.3798
vn 0.5055 0.8426 0.1856
vn 0.5355 0.8261 0.1754
vn 0.5084 0.8487 0.1456
vn 0.1568 -0.9796 0.1256
vn 0.1135 -0.9766 0.1825
vn 0.1408 -0.9725 0.1855
vn 0.6214 -0.4201 0.6614
vn 0.7399 -0.3875 0.5499
vn 0.7193 -0.3762 0.5839
vn 0.4447 -0.4697 0.7627
vn 0.3581 -0.5601 0.7470
vn 0.4441 -0.4762 0.7589
vn 0.1888 0.0627 0.9800
vn 0.1771 0.0496 0.9829
vn 0.1771 0.0868 0.9804
vn -0.7148 0.5852 -0.3828
vn -0.7390 0.5770 -0.3478
vn -0.7409 0.5726 -0.3511
vn -0.1266 0.9781 -0.1653
vn -0.0889 0.9855 -0.1443
vn -0.1296 0.9833 -0.1276
vn -0.9545 -0.0528 0.2935
vn -0.9538 -0.0493 0.2965
vn -0.9452 -0.0590 0.3211
vn -0.9609 0.0183 0.2761
vn -0.9573 0.0249 0.2880
vn -0.9590 -0.0326 0.2814
vn -0.5489 -0.6798 0.4864
vn -0.5236 -0.7595 0.3860
vn -0.5722 -0.7012 0.4253
vn -0.1529 -0.9773 0.1464
vn -0.1429 -0.9811 0.1305
vn -0.1637 -0.9767 0.1391
vn 0.2022 -0.2147 -0.9555
vn 0.1819 -0.1882 -0.9651
vn 0.2089 -0.2061 -0.9560
vn 0.9834 -0.1475 0.1055
vn 0.9777 -0.1604 0.1359
vn 0.9864 -0.1552 0.0544
vn -0.2599 0.9355 -0.2394
vn -0.1977 0.9727 -0.1219
vn -0.2450 0.9538 -0.1737
vn -0.6167 0.6675 -0.4173
vn -0.5639 0.7334 -0.3796
vn -0.6323 0.6153 -0.4707
vn 0.3738 -0.8336 0.4067
vn 0.3298 -0.8053 0.4927
vn 0.3522 -0.8005 0.4850
vn -0.0126 -0.9845 -0.1749
vn -0.0419 -0.9812 -0.1886
vn -0.0216 -0.9836 -0.1788
vn -0.6065 0.1124 -0.7871
vn -0.0754 -0.9130 -0.4010
vn -0.2796 -0.4672 -0.8388
vn 0.7728 -0.4061 0.4877
vn 0.7819 -0.3939 0.4833
vn 0.7245 -0.4482 0.5237
vn -0.3068 -0.1597 0.9383
vn -0.3229 -0.1507 0.9344
vn -0.3143 -0.1250 0.9411
vn -0.7255 0.6626 0.1862
vn -0.7446 0.6421 0.1822
vn -0.7218 0.6734 0.1600
vn 0.5940 0.5466 -0.5903
vn 0.5577 0.5551 -0.6172
vn 0.5702 0.5731 -0.5886
vn -0.9520 0.2097 0.2228
vn -0.9569 0.2074 0.2033
vn -0.9379 0.1946 0.2870
vn 0.1461 -0.8325 0.5344
vn 0.1709 -0.8915 0.4195
vn 0.0627 -0.8761 0.4780
vn -0.4712 -0.4279 0.7713
vn -0.5072 -0.4328 0.7452
vn -0.4792 -0.4330 0.7635
vn 0.7876 0.6033 0.1251
vn 0.7902 0.5954 0.1450
vn 0.7484 0.6438 0.1594
vn -0.5146 0.7765 0.3637
vn -0.5261 0.7623 0.3769
vn -0.5106 0.7784 0.3651
vn -0.1555 0.9878 -0.0112
vn -0.1554 0.9877 -0.0153
vn -0.1742 0.9838 -0.0428
vn -0.5480 -0.5647 -0.6170
vn -0.5245 -0.5601 -0.6412
vn -0.5791 -0.5340 -0.6161
vn 0.7031 -0.5561 0.4433
vn 0.7352 -0.6066 0.3026
vn 0.8013 -0.4316 0.4144
vn -0.3740 -0.4046 0.8345
vn -0.5240 -0.3492 0.7768
vn -0.5015 -0.3007 0.8112
vn 0.9213 -0.2159 -0.3234
vn 0.9141 -0.4055 0.0044
vn 0.7144 0.6669 -0.2118
vn -0.3509 0.3647 -0.8625
vn -0.3588 0.3700 -0.8570
vn -0.3551 0.3695 -0.8587
vn -0.9741 0.2253 0.0173
vn -0.9601 0.2786 -0.0249
vn -0.9627 0.2638 0.0596
vn -0.6471 -0.7611 -0.0446
vn -0.7170 -0.6841 -0.1339
vn -0.6032 -0.7818 -0.1578
vn 0.0591 -0.9750 -0.2142
vn 0.0867 -0.9567 -0.2780
vn 0.0176 -0.9723 -0.2333
vn -0.6496 0.1213 0.7505
vn -0.1907 0.7865 0.5874
vn 0.3030 0.3357 0.8919
vn -0.2209 0.8091 -0.5446
vn 0.0248 0.8506 -0.5252
vn -0.0000 0.6916 -0.7223
vn 0.1531 0.0397 0.9874
vn -0.1434 0.1421 0.9794
vn 0.0285 0.1726 0.9846
vn 0.2400 -0.0861 0.9670
vn 0.3694 -0.2640 0.8910
vn 0.1951 0.1558 0.9683
vn 0.9466 0.2598 0.1911
vn 0.9384 0.2554 0.2330
vn 0.8062 0.3156 0.5005
vn -0.4960 -0.7977 -0.3430
vn -0.5028 -0.1204 -0.8560
vn -0.0588 0.6782 -0.7325
vn 0.1538 -0.9881 -0.0073
vn 0.1613 -0.9867 0.0185
vn 0.1788 -0.9836 -0.0256
vn 0.4551 0.8855 0.0941
vn 0.3851 0.9107 0.1491
vn 0.4370 0.8920 0.1159
vn -0.9178 0.0619 -0.3921
vn -0.8566 0.2374 -0.4581
vn -0.9537 0.0643 -0.2939
vn 0.1588 -0.8801 -0.4474
vn 0.0430 -0.8116 -0.5826
vn 0.0361 -0.8760 -0.4809
vn -0.2080 -0.7852 0.5833
vn -0.2336 -0.9253 0.2986
vn -0.2789 -0.8948 0.3487
vn -0.9667 0.1628 0.1973
vn -0.9667 0.1627 0.1975
vn -0.9668 0.1629 0.1971
vn 0.9562 0.1879 0.2245
vn 0.9848 0.1356 -0.1083
vn 0.8872 -0.4084 -0.2148
vn 0.7463 0.5895 -0.3092
vn 0.9369 0.2735 -0.2176
vn 0.9019 -0.1664 0.3985
vn -0.8955 -0.2942 0.3340
vn 0.7474 0.6613 0.0638
vn 0.4028 0.2402 0.8832
vn 0.0715 -0.9217 -0.3812
vn -0.1865 -0.7776 -0.6005
vn 0.8552 0.2859 -0.4322
vn 0.8633 0.4008 -0.3068
vn 0.7487 0.2749 -0.6032
vn 0.5567 -0.7328 0.3913
vn 0.7392 0.6728 0.0297
vn -0.4860 -0.7537 -0.4423
vn -0.3076 0.7009 -0.6435
vn 0.6869 0.7243 -0.0596
vn 0.3570 0.5006 -0.7887
vn 0.8837 0.1559 -0.4412
vn 0.8859 0.2105 -0.4133
vn 0.9072 0.1788 -0.3807
vn -0.9444 -0.1943 0.2651
vn -0.9566 -0.1193 0.2659
vn -0.9551 -0.1304 0.2659
vn 0.5203 0.4798 -0.7065
vn 0.8245 0.3724 -0.4260
vn 0.8824 0.4338 -0.1820
vn 0.3514 0.5636 0.7476
vn 0.5328 0.7756 0.3384
vn 0.3614 0.8272 0.4303
vn -0.2332 0.9703 0.0648
vn -0.2190 0.9650 0.1445
vn -0.2328 0.9564 0.1766
vn -0.3192 0.9261 0.2014
vn -0.3334 0.9266 0.1742
vn -0.3114 0.9334 0.1783
vn -0.9462 0.1286 0.2968
vn -0.9316 0.1645 0.3241
vn -0.9515 0.1052 0.2891
vn 0.4237 -0.8162 -0.3928
vn 0.4267 -0.8195 -0.3827
vn 0.4183 -0.8382 -0.3499
vn -0.3554 -0.8663 0.3510
vn -0.3552 -0.8612 0.3635
vn -0.3559 -0.8634 0.3576
vn 0.1456 -0.7455 0.6504
vn 0.1568 -0.6158 0.7721
vn 0.2684 -0.6114 0.7445
vn 0.6799 -0.6968 0.2284
vn 0.7440 -0.6650 0.0645
vn 0.5868 -0.8062 -0.0748
vn 0.8181 -0.5559 0.1475
vn 0.7514 -0.6591 0.0296
vn 0.8344 -0.4485 0.3203
vn 0.9153 0.4026 -0.0126
vn 0.9039 0.4277 -0.0000
vn 0.9033 0.4290 -0.0001
vn -0.9377 0.2634 -0.2265
vn -0.9367 0.2638 -0.2302
vn -0.9509 0.2295 -0.2074
vn -0.7635 -0.0805 0.6408
vn -0.7388 -0.0902 0.6679
vn -0.7563 -0.0544 0.6519
vn 0.3276 -0.8103 -0.4859
vn 0.3018 -0.8309 -0.4674
vn 0.2808 -0.8313 -0.4797
vn -0.3044 0.7765 0.5518
vn -0.2552 0.8009 0.5417
vn -0.2719 0.7698 0.5774
vn 0.3098 0.3494 0.8843
vn 0.3346 0.3256 0.8843
vn 0.3706 0.3080 0.8762
vn -0.9009 0.3974 -0.1745
vn -0.9063 0.3896 -0.1638
vn -0.9106 0.3901 -0.1368
vn -0.4117 0.9108 0.0322
vn -0.4022 0.9128 0.0710
vn -0.4299 0.9026 0.0212
vn 0.2160 -0.6596 0.7199
vn 0.1782 -0.6260 0.7592
vn 0.2378 -0.6054 0.7596
vn -0.5242 -0.4990 0.6901
vn -0.5228 -0.4626 0.7160
vn -0.5111 -0.4653 0.7227
vn 0.2964 0.9039 -0.3085
vn 0.2583 0.8937 -0.3668
vn 0.2792 0.8956 -0.3464
vn -0.8478 0.2375 -0.4742
vn -0.8234 0.1635 -0.5434
vn -0.8346 0.1728 -0.5231
vn -0.9260 0.2429 0.2890
vn -0.9539 0.1833 0.2377
vn -0.9432 0.2151 0.2534
vn -0.0326 -0.9568 0.2888
vn -0.0745 -0.9555 0.2855
vn -0.0477 -0.9596 0.2771
vn 0.4740 0.8691 0.1417
vn 0.5496 0.8280 0.1110
vn 0.6078 0.7841 0.1257
vn -0.6155 -0.7366 0.2802
vn -0.6618 -0.6726 0.3312
vn -0.6298 -0.7155 0.3024
vn -0.0573 -0.9206 -0.3863
vn -0.0822 -0.9154 -0.3941
vn -0.0866 -0.8995 -0.4283
vn -0.4045 0.8926 -0.1989
vn -0.4456 0.8634 -0.2364
vn -0.4938 0.8409 -0.2217
vn 0.4718 -0.0765 -0.8784
vn 0.4213 -0.1357 -0.8967
vn 0.4317 -0.1918 -0.8814
vn 0.2785 -0.9382 -0.2054
vn 0.2670 -0.9505 -0.1591
vn 0.3301 -0.9112 -0.2465
vn 0.1129 -0.9836 -0.1408
vn 0.0884 -0.9863 -0.1390
vn 0.0927 -0.9882 -0.1221
vn -0.3873 -0.7540 -0.5306
vn -0.3671 -0.7633 -0.5317
vn -0.3974 -0.7614 -0.5123
vn -0.3729 -0.0912 -0.9234
vn -0.3837 -0.1030 -0.9177
vn -0.3801 -0.1198 -0.9172
vn -0.9586 -0.1216 0.2573
vn -0.9614 -0.1319 0.2414
vn -0.9666 -0.1442 0.2117
vn -0.4063 -0.7275 -0.5528
vn -0.4122 -0.7118 -0.5688
vn -0.4422 -0.7308 -0.5200
vn -0.1493 -0.8790 0.4529
vn 0.9764 -0.1949 -0.0930
vn 0.9206 -0.0009 -0.3905
vn -0.0898 0.7913 -0.6048
vn -0.3800 0.8224 -0.4233
vn 0.3021 -0.7843 0.5418
vn 0.4969 -0.8555 0.1459
vn 0.6019 -0.7596 0.2466
vn -0.2007 0.9161 0.3470
vn 0.1256 0.8902 -0.4379
vn -0.0022 1.0000 0.0024
vn -0.0805 -0.9793 0.1855
vn -0.1048 -0.8924 0.4390
vn 0.0116 -0.9592 0.2824
vn 0.4596 0.0584 0.8862
vn 0.5050 0.0946 0.8579
vn 0.5355 0.0641 0.8421
vn 0.1247 0.9903 0.0605
vn 0.0980 0.9890 0.1109
vn 0.0220 0.9949 0.0988
vn -0.6170 0.5091 -0.6001
vn -0.6160 0.5203 -0.5914
vn -0.6331 0.4948 -0.5953
vn 0.2175 -0.7422 -0.6340
vn 0.1553 -0.7414 -0.6529
vn 0.1882 -0.7655 -0.6154
vn -0.0945 0.7621 -0.6405
vn -0.0744 0.7361 -0.6727
vn -0.1011 0.7889 -0.6061
vn -0.0893 0.9086 -0.4081
vn -0.4355 0.8987 -0.0517
vn -0.4636 0.8859 -0.0136
vn -0.8172 0.4319 -0.3816
vn -0.8430 0.4661 0.2686
vn -0.8746 0.4760 -0.0922
vn 0.5544 -0.6682 0.4962
vn 0.5279 -0.6482 0.5488
vn 0.6066 -0.4177 0.6764
vn -0.0728 -0.9596 0.2718
vn 0.5061 -0.8625 -0.0011
vn -0.0062 -0.9978 0.0661
vn 0.1282 -0.9713 0.2006
vn 0.1822 -0.9720 0.1487
vn 0.1983 -0.9578 0.2079
vn 0.0821 0.7381 -0.6696
vn 0.0957 0.7192 -0.6882
vn 0.1354 0.7227 -0.6778
vn -0.4024 0.7736 0.4895
vn -0.3901 0.7811 0.4875
vn -0.4103 0.7852 0.4639
vn -0.7436 0.6685 -0.0109
vn -0.8002 0.3599 -0.4797
vn -0.7207 0.5729 -0.3903
vn 0.9631 -0.2039 0.1758
vn 0.7903 -0.5143 0.3330
vn 0.9849 0.0262 0.1711
vn -0.9181 0.3537 -0.1789
vn -0.9089 0.3648 -0.2020
vn -0.9118 0.3512 -0.2129
vn -0.0169 0.9360 -0.3516
vn -0.0210 0.9479 -0.3178
vn -0.0256 0.9387 -0.3439
vn -0.0809 0.9392 0.3336
vn -0.0587 0.9509 0.3038
vn -0.0759 0.9357 0.3447
vn -0.0804 0.8495 -0.5214
vn -0.0731 0.8681 -0.4910
vn -0.0185 0.8555 -0.5175
vn -0.4854 -0.0305 -0.8738
vn -0.4191 -0.0634 -0.9057
vn -0.4132 -0.1015 -0.9050
vn -0.9615 0.0523 0.2696
vn -0.9538 0.0813 0.2893
vn -0.9494 0.0570 0.3087
vn 0.1222 0.9501 0.2871
vn 0.1297 0.9412 0.3119
vn 0.0826 0.9611 0.2635
vn -0.1508 -0.0523 -0.9872
vn -0.1289 -0.0213 -0.9914
vn -0.1726 -0.0830 -0.9815
vn 0.3813 -0.9021 -0.2020
vn 0.4097 -0.8958 -0.1723
vn 0.3779 -0.9098 -0.1715
vn 0.1017 -0.9808 -0.1666
vn 0.1028 -0.9802 -0.1689
vn 0.1224 -0.9799 -0.1574
vn -0.5438 -0.8217 0.1708
vn -0.5148 -0.8417 0.1628
vn -0.5447 -0.8142 0.2011
vn 0.0164 -0.8621 0.5064
vn 0.0293 -0.8394 0.5428
vn 0.0307 -0.8386 0.5439
vn 0.3203 -0.3519 -0.8795
vn 0.3291 -0.3603 -0.8728
vn 0.3379 -0.3653 -0.8674
vn 0.0383 0.3355 -0.9413
vn 0.0241 0.2132 -0.9767
vn 0.1452 0.4086 -0.9011
vn -0.3991 -0.4936 -0.7727
vn -0.3278 -0.4640 -0.8229
vn -0.3712 -0.4488 -0.8129
vn -0.2778 0.7377 -0.6153
vn -0.3314 0.7336 -0.5933
vn -0.4041 0.5067 -0.7615
vn 0.9412 -0.0066 0.3377
vn 0.9476 -0.1198 0.2961
vn 0.8828 -0.1241 0.4531
vn -0.9298 0.2852 -0.2326
vn -0.9380 0.2031 -0.2808
vn -0.9365 0.1474 -0.3183
vn -0.4264 -0.4319 0.7948
vn -0.3760 -0.3908 0.8402
vn -0.4025 -0.4407 0.8024
vn 0.7575 -0.3797 0.5311
vn 0.7408 -0.4761 0.4738
vn 0.6168 -0.6852 0.3874
vn 0.8592 -0.3383 0.3839
vn 0.8616 -0.3704 0.3470
vn 0.9476 -0.1854 0.2602
vn 0.5166 0.4386 0.7353
vn 0.4199 0.5168 0.7461
vn 0.5529 0.4389 0.7083
vn -0.9276 -0.0652 -0.3679
vn -0.9283 -0.0665 -0.3659
vn -0.9176 -0.1041 -0.3836
vn -0.9300 -0.1936 -0.3124
vn -0.9300 -0.1921 -0.3133
vn -0.9307 -0.1945 -0.3099
vn -0.6018 -0.5020 -0.6211
vn -0.6531 -0.5761 -0.4916
vn -0.5824 -0.5986 -0.5499
vn -0.9734 -0.0185 -0.2283
vn -0.9846 -0.0885 -0.1509
vn -0.9696 -0.0600 -0.2373
vn -0.2011 0.8254 0.5276
vn -0.2428 0.7952 0.5556
vn -0.1129 0.9330 0.3417
vn 0.9653 0.0451 0.2573
vn 0.9637 0.1152 0.2409
vn 0.9782 0.0977 0.1833
vn 0.4364 -0.8689 0.2336
vn 0.4358 -0.8778 0.1991
vn 0.3273 -0.9046 0.2733
vn -0.8517 0.1511 0.5018
vn -0.8601 0.0903 0.5020
vn -0.8818 0.1189 0.4563
vn 0.9377 -0.2641 -0.2259
vn 0.9124 -0.2077 -0.3526
vn 0.9171 -0.2405 -0.3179
vn -0.0114 -0.9927 0.1199
vn 0.0414 -0.9840 0.1731
vn 0.0572 -0.9892 0.1346
vn 0.8351 -0.5006 0.2280
vn 0.8547 -0.4180 0.3078
vn 0.8765 -0.3911 0.2806
vn 0.8917 -0.3350 0.3044
vn 0.8978 -0.2936 0.3282
vn 0.8989 -0.2185 0.3798
vn 0.9369 -0.1785 0.3007
vn 0.9034 -0.1780 0.3901
vn 0.9128 -0.0961 0.3969
vn 0.9415 -0.2208 0.2546
vn 0.9354 -0.2434 0.2563
vn 0.9242 -0.2490 0.2895
vn -0.7267 -0.0634 -0.6840
vn -0.7175 -0.0473 -0.6950
vn -0.7232 -0.0585 -0.6881
vn -0.8964 0.3702 0.2439
vn -0.9174 0.3271 0.2265
vn -0.9164 0.3165 0.2449
vn -0.0287 -0.8663 -0.4986
vn -0.0746 -0.8848 -0.4599
vn -0.0893 -0.9184 -0.3853
vn 0.8610 -0.2039 0.4659
vn 0.8409 -0.2488 0.4807
vn 0.8342 -0.2231 0.5044
vn -0.0895 0.1401 -0.9861
vn -0.0705 0.1696 -0.9830
vn -0.0718 0.1630 -0.9840
vn -0.9162 -0.3595 -0.1772
vn -0.9992 0.0398 -0.0007
vn -0.9445 -0.3071 0.1165
vn -0.9825 -0.1495 0.1108
vn -0.9788 -0.1766 0.1036
vn -0.9740 0.2223 0.0430
vn -0.0519 0.1162 -0.9919
vn -0.1069 0.1424 -0.9840
vn -0.0577 0.1225 -0.9908
vn -0.9161 0.1880 0.3542
vn -0.9096 0.1354 0.3927
vn -0.9342 0.1250 0.3342
vn 0.8292 -0.2925 0.4762
vn 0.8389 -0.2705 0.4724
vn 0.8654 -0.2402 0.4397
vn 0.2597 -0.9579 0.1228
vn 0.2220 -0.9590 0.1763
vn 0.2252 -0.9650 0.1341
vn 0.9669 -0.1935 0.1663
vn 0.9584 -0.1200 0.2590
vn 0.9911 -0.1282 0.0356
vn 0.9625 -0.2141 0.1665
vn 0.9245 -0.3656 0.1080
vn 0.9125 -0.3708 0.1724
vn 0.9750 -0.2137 -0.0613
vn 0.9124 -0.3827 0.1453
vn 0.9156 -0.3854 0.1148
vn 0.2145 -0.1504 0.9651
vn -0.2818 0.3150 0.9063
vn -0.0563 0.2652 0.9625
vn -0.1240 0.7342 -0.6675
vn -0.3771 0.8418 -0.3862
vn -0.6052 0.5070 -0.6137
vn 0.6604 0.5162 -0.5454
vn 0.4226 0.1402 -0.8954
vn 0.5028 0.7074 -0.4968
vn 0.2394 0.3542 -0.9040
vn 0.5210 0.1145 -0.8459
vn -0.8382 -0.5384 -0.0871
vn -0.8064 0.2141 -0.5513
vn -0.9756 -0.1194 0.1845
vn 0.4854 -0.4779 0.7322
vn 0.3390 -0.5240 0.7813
vn -0.9648 -0.2600 0.0396
vn -0.9410 -0.2769 0.1944
vn -0.9586 -0.2847 -0.0043
vn 0.0180 0.9962 -0.0854
vn 0.4610 0.8432 -0.2767
vn 0.4644 0.8843 0.0485
vn -0.9635 -0.2390 0.1204
vn -0.9950 -0.0768 -0.0640
vn -0.6819 0.6242 -0.3814
vn 0.2920 0.2714 0.9171
vn -0.0792 0.1532 0.9850
vn -0.1492 0.3369 0.9297
vn 0.0432 0.9950 -0.0896
vn 0.1895 0.8729 -0.4496
vn 0.6825 0.7308 -0.0111
vn -0.6651 0.6573 -0.3545
vn -0.8760 0.1892 -0.4436
vn -0.1125 -0.9930 -0.0373
vn -0.1309 -0.9911 -0.0221
vn -0.7595 -0.6249 0.1806
vn 0.8488 -0.3929 0.3537
vn 0.8288 -0.4361 0.3506
vn 0.8268 -0.4162 0.3784
vn 0.7605 -0.5888 0.2739
vn 0.8387 -0.5433 -0.0377
vn 0.7274 -0.6187 0.2968
vn 0.9046 -0.3864 0.1800
vn 0.9032 -0.4017 0.1512
vn 0.9089 -0.2842 0.3051
vn 0.9043 -0.3541 0.2385
vn 0.9073 -0.3371 0.2514
vn 0.9104 -0.3411 0.2343
vn -0.9968 -0.0430 0.0673
vn -0.9879 -0.1488 0.0436
vn -0.7893 0.6013 0.1244
vn 0.3232 0.7807 -0.5349
vn -0.3685 0.7817 -0.5031
vn 0.1116 0.8139 -0.5703
vn 0.9840 -0.1711 0.0493
vn 0.9888 0.1211 0.0867
vn 0.9906 0.1360 -0.0118
vn -0.1167 -0.5770 0.8084
vn -0.5543 0.6106 -0.5657
vn -0.8256 0.3123 -0.4699
vn 0.8409 -0.4857 0.2386
vn 0.8480 -0.4698 0.2454
vn 0.8200 -0.5608 0.1149
vn 0.9146 -0.4040 -0.0158
vn 0.9147 -0.3860 0.1195
vn 0.9161 -0.4007 0.0131
vn -0.9480 0.2763 0.1579
vn -0.9741 0.2261 0.0049
vn -0.9920 0.0659 -0.1072
vn 0.8643 -0.4981 0.0691
vn 0.9939 -0.0723 -0.0837
vn 0.9434 -0.1730 -0.2831
vn 0.1143 -0.3603 -0.9258
vn 0.1476 0.6090 -0.7793
vn 0.5478 0.2381 -0.8020
vn -0.7674 0.5515 -0.3272
vn -0.9987 -0.0168 -0.0479
vn -0.9601 -0.2270 0.1634
vn 0.8337 0.5299 -0.1553
vn 0.8339 0.5301 -0.1533
vn 0.8989 0.2963 -0.3228
vn 0.6332 -0.5656 0.5283
vn 0.6357 -0.5979 0.4883
vn 0.5749 -0.6423 0.5068
vn -0.5411 -0.3519 0.7638
vn -0.9641 0.2385 0.1169
vn -0.4103 0.3948 0.8221
vn 0.9293 -0.3097 0.2012
vn 0.9354 -0.3096 0.1709
vn 0.9251 -0.3268 0.1934
vn 0.9824 -0.1714 0.0737
vn 0.9780 -0.1867 0.0933
vn 0.9833 -0.1563 0.0931
vn 0.7525 -0.6254 0.2063
vn 0.7417 -0.6355 0.2144
vn 0.7591 -0.6154 0.2126
vn 0.8567 -0.4840 0.1781
vn 0.8399 -0.5193 0.1580
vn 0.8584 -0.3603 0.3652
vn 0.9597 0.0811 0.2691
vn 0.9406 0.1500 0.3045
vn 0.7383 0.4717 0.4821
vn 0.9663 -0.2510 -0.0574
vn 0.9192 0.0008 -0.3938
vn 0.9740 -0.2168 -0.0652
vn 0.3296 0.9427 0.0515
vn 0.3251 0.9456 -0.0107
vn 0.4823 0.8733 -0.0682
vn -0.1689 -0.6718 0.7212
vn -0.3029 -0.3461 0.8879
vn -0.2884 -0.5843 0.7586
vn -0.9965 -0.0619 0.0555
vn -0.9734 -0.2257 -0.0385
vn -0.9885 -0.0702 -0.1342
vn 0.9820 -0.0864 0.1678
vn 0.9046 -0.3522 0.2400
vn 0.9492 -0.2228 0.2220
vn -0.7579 0.6373 0.1394
vn -0.8815 0.4246 0.2066
vn -0.6411 0.7243 0.2539
vn -0.7773 0.5146 -0.3618
vn -0.7134 0.6991 -0.0477
vn -0.5249 0.6785 -0.5140
vn -0.9993 0.0376 -0.0032
vn -0.9693 -0.0585 0.2387
vn -0.9971 -0.0587 -0.0483
vn 0.0097 0.8294 -0.5585
vn 0.3662 0.8827 -0.2945
vn 0.5259 0.8498 -0.0353
vn -0.7888 -0.5991 0.1370
vn -0.7273 -0.4701 -0.5000
vn -0.9982 -0.0056 0.0592
vn 0.9572 -0.2036 0.2058
vn 0.9870 -0.1464 0.0665
vn 0.9313 -0.3205 0.1730
vn 0.3109 0.8179 0.4842
vn -0.0739 0.9868 0.1443
vn -0.1718 0.9746 0.1433
vn -0.0881 0.8874 0.4526
vn -0.6073 0.6837 0.4046
vn -0.0884 0.9416 0.3249
vn -0.6562 -0.7539 0.0326
vn -0.9363 -0.3496 -0.0333
vn -0.9411 -0.2835 -0.1845
vn 0.8953 0.3645 0.2562
vn 0.7729 -0.5384 0.3357
vn 0.8834 -0.4593 0.0930
vn -0.5846 0.6066 -0.5388
vn -0.1392 0.5000 -0.8547
vn 0.1093 0.8436 -0.5257
vn -0.8052 -0.2138 -0.5531
vn -0.8448 -0.1840 -0.5025
vn -0.8459 -0.3409 -0.4101
vn -0.8989 0.3473 -0.2674
vn -0.8474 0.2708 -0.4566
vn -0.7128 0.5610 -0.4210
vn 0.5862 0.0295 -0.8096
vn 0.6703 0.4034 -0.6229
vn 0.5320 0.4573 -0.7127
vn 0.6620 -0.6743 0.3272
vn 0.6452 -0.6868 0.3348
vn 0.6357 -0.6952 0.3355
vn 0.4019 -0.2469 0.8817
vn 0.3167 -0.1497 0.9366
vn 0.3453 -0.1688 0.9232
vn -0.6947 -0.5769 0.4296
vn -0.6334 -0.7332 0.2473
vn -0.6992 -0.6161 0.3628
vn -0.9784 -0.1224 0.1666
vn -0.9544 0.2137 0.2086
vn -0.8514 0.3634 0.3782
vn -0.7511 -0.6124 -0.2466
vn -0.5883 -0.7120 -0.3833
vn -0.8563 -0.4362 0.2767
vn 0.1654 0.9236 -0.3457
vn -0.0170 0.7468 -0.6648
vn -0.5493 0.6699 -0.4995
vn -0.5536 -0.2899 0.7807
vn 0.3756 -0.4457 0.8126
vn -0.4305 -0.2744 0.8599
vn -0.3330 0.9340 0.1294
vn -0.4387 0.8838 0.1628
vn 0.0470 0.9721 0.2298
vn -0.7149 0.4859 -0.5028
vn -0.9753 0.1790 -0.1296
vn -0.8954 0.4352 -0.0935
vn 0.6958 -0.5159 0.4998
vn 0.6852 -0.5051 0.5247
vn 0.6980 -0.5173 0.4951
vn -0.1530 -0.9563 -0.2491
vn -0.1244 -0.9614 -0.2454
vn -0.1421 -0.9527 -0.2686
vn 0.8150 -0.5439 0.1998
vn 0.8657 -0.4755 0.1563
vn 0.8828 -0.4628 0.0803
vn -0.6882 0.6543 -0.3134
vn -0.6296 0.7519 -0.1956
vn -0.8276 0.5224 -0.2051
vn 0.9549 -0.2722 0.1184
vn 0.9564 -0.1022 0.2737
vn 0.9993 -0.0321 0.0167
vn 0.6540 -0.7072 -0.2686
vn 0.2370 -0.8233 -0.5158
vn 0.3676 -0.9088 -0.1974
vn -0.2286 0.6836 -0.6931
vn -0.0602 0.6551 -0.7531
vn -0.1706 0.6528 -0.7381
vn -0.9680 -0.0840 -0.2364
vn -0.8562 0.4925 -0.1562
vn -0.9991 -0.0341 0.0254
vn 0.0380 -0.4505 0.8920
vn 0.0161 -0.4953 0.8686
vn -0.2521 -0.6761 0.6924
vn 0.2796 -0.8256 0.4902
vn 0.5866 -0.2662 0.7649
vn 0.4076 -0.8278 0.3856
vn 0.5607 -0.8275 0.0289
vn 0.7266 -0.4699 0.5012
vn 0.6812 -0.6715 -0.2916
vn -0.6667 0.5782 -0.4704
vn -0.7654 0.3989 -0.5051
vn -0.8629 0.3933 -0.3173
vn -0.1486 -0.2307 -0.9616
vn 0.3206 0.7962 -0.5131
vn -0.1013 0.5047 -0.8574
vn 0.9519 -0.3002 0.0616
vn 0.9503 -0.2519 0.1830
vn 0.9500 -0.2753 0.1477
vn 0.0292 0.0131 0.9995
vn 0.2197 0.1631 0.9618
vn 0.3601 0.0412 0.9320
vn -0.0021 -0.1822 0.9833
vn 0.0144 -0.1569 0.9875
vn 0.0025 -0.1487 0.9889
vn -0.9091 0.3705 -0.1906
vn -0.9132 0.3748 -0.1600
vn -0.9069 0.3745 -0.1931
vn -0.5939 0.7600 0.2642
vn -0.6270 0.7053 0.3309
vn -0.5304 0.8277 0.1831
vn -0.5276 0.8343 0.1598
vn -0.4710 0.8671 0.1619
vn -0.4708 0.8686 0.1547
vn 0.7673 0.6349 -0.0904
vn 0.7969 0.5594 -0.2281
vn 0.7147 0.3131 -0.6254
vn -0.2327 -0.9164 0.3256
vn -0.6454 -0.5338 0.5463
vn -0.3331 -0.6712 0.6623
vn 0.9585 0.1861 0.2158
vn 0.9882 0.0946 0.1204
vn 0.9670 -0.1691 0.1905
vn -0.3501 0.4242 -0.8351
vn -0.2736 0.3928 -0.8780
vn -0.5314 0.6198 -0.5774
vn -0.1056 -0.7920 0.6014
vn -0.0583 -0.8071 0.5876
vn -0.0847 -0.8143 0.5742
vn -0.4188 0.8037 0.4227
vn -0.3904 0.7243 0.5683
vn -0.4745 0.7595 0.4450
vn 0.5530 -0.7851 0.2788
vn 0.5755 -0.7544 0.3158
vn 0.5697 -0.7522 0.3311
vn 0.0560 -0.2610 0.9637
vn 0.0716 -0.2698 0.9602
vn 0.0777 -0.2530 0.9643
vn -0.6474 0.5181 -0.5589
vn -0.6633 0.4353 -0.6087
vn -0.6722 0.4351 -0.5990
vn -0.4708 0.8057 0.3595
vn -0.4947 0.8020 0.3347
vn -0.4995 0.7981 0.3369
vn -0.4189 -0.9066 0.0509
vn -0.4139 -0.9096 0.0375
vn -0.4037 -0.9145 0.0263
vn -0.9120 0.3719 0.1730
vn -0.9100 0.3548 0.2147
vn -0.9032 0.3975 0.1617
vn -0.2817 -0.3002 -0.9113
vn -0.2958 -0.3110 -0.9032
vn -0.2827 -0.3023 -0.9103
vn 0.2899 -0.6094 0.7380
vn 0.2539 -0.6096 0.7509
vn 0.2832 -0.5793 0.7643
vn -0.1543 0.1983 0.9679
vn -0.1703 0.1739 0.9699
vn -0.1752 0.1882 0.9664
vn 0.5952 0.4082 0.6922
vn 0.5596 0.4085 0.7211
vn 0.5468 0.4415 0.7114
vn -0.3816 0.4035 -0.8316
vn -0.3458 0.4050 -0.8464
vn -0.4236 0.3467 -0.8369
vn 0.7156 -0.5714 -0.4017
vn 0.7186 -0.5720 -0.3956
vn 0.7232 -0.5754 -0.3820
vn 0.3707 -0.4541 0.8101
vn 0.5514 -0.4071 0.7282
vn 0.5675 -0.4881 0.6631
vn -0.8959 0.4286 0.1165
vn -0.7837 0.5971 -0.1710
vn -0.8443 0.4580 0.2782
vn 0.0841 -0.5131 0.8542
vn 0.1097 -0.0595 0.9922
vn 0.1214 -0.3269 0.9372
vn 0.3474 -0.7401 0.5758
vn 0.2107 -0.8447 0.4921
vn 0.2532 -0.7730 0.5817
vn -0.4540 0.3356 -0.8254
vn -0.4420 0.3049 -0.8436
vn -0.4560 0.3348 -0.8246
vn 0.1289 0.9293 0.3460
vn 0.2669 0.8726 0.4091
vn 0.2170 0.8907 0.3993
vn -0.4651 -0.7361 -0.4917
vn -0.4591 -0.7499 -0.4764
vn -0.4695 -0.7372 -0.4859
vn -0.4219 0.9041 0.0672
vn -0.4162 0.9037 0.1007
vn -0.4479 0.8911 0.0738
vn 0.2874 -0.3124 -0.9055
vn 0.6006 -0.5176 -0.6094
vn 0.3867 -0.2422 -0.8898
vn 0.1760 0.9835 -0.0425
vn 0.1878 0.9816 -0.0351
vn 0.2738 0.9415 -0.1967
vn -0.5187 0.3482 -0.7808
vn -0.1997 0.1861 -0.9620
vn 0.3062 0.4081 -0.8600
vn -0.7310 0.1908 -0.6552
vn -0.6311 -0.0267 -0.7753
vn -0.3124 0.4012 -0.8611
vn -0.0714 0.5414 -0.8377
vn 0.4235 0.4900 -0.7619
vn -0.0347 0.6413 -0.7665
vn 0.7912 -0.3393 0.5088
vn 0.3236 -0.8551 0.4050
vn 0.3318 -0.3953 0.8565
vn -0.4792 -0.8365 -0.2658
vn -0.5797 -0.7711 -0.2632
vn -0.5828 -0.7792 -0.2308
vn 0.6890 -0.6487 0.3232
vn 0.6890 -0.6512 0.3182
vn 0.6715 -0.6485 0.3585
vn 0.5557 -0.4092 0.7237
vn 0.7210 -0.3756 0.5822
vn 0.5963 -0.4575 0.6596
vn 0.8954 0.2210 -0.3864
vn 0.9411 0.3344 -0.0500
vn -0.1563 0.5918 -0.7908
vn 0.6569 -0.6977 0.2858
vn 0.1403 -0.8725 -0.4680
vn 0.0699 -0.9953 -0.0676
vn 0.9811 0.1067 -0.1611
vn 0.9940 0.0904 -0.0610
vn 0.9406 0.3352 -0.0536
vn 0.9560 -0.1129 0.2706
vn 0.9249 0.0406 0.3781
vn 0.8268 -0.0399 0.5611
vn -0.9471 0.2736 -0.1679
vn -0.9966 -0.0788 -0.0244
vn -0.9958 0.0824 -0.0386
vn 0.6642 0.3091 -0.6807
vn 0.8719 0.3287 -0.3630
vn 0.8123 0.3025 -0.4986
vn 0.3745 0.0232 -0.9269
vn 0.3631 0.0387 -0.9309
vn 0.4205 0.0674 -0.9048
vn 0.8321 0.3031 -0.4645
vn 0.6621 0.1458 -0.7351
vn 0.7000 0.1904 -0.6883
vn 0.3246 -0.3092 0.8939
vn 0.3991 -0.4122 0.8190
vn 0.4365 -0.3855 0.8129
vn 0.4206 0.6668 -0.6152
vn 0.4348 0.4974 -0.7507
vn 0.4203 0.6444 -0.6388
vn -0.0921 -0.8174 -0.5687
vn -0.2223 -0.8461 -0.4845
vn -0.1378 -0.8630 -0.4860
vn 0.1637 0.9035 0.3960
vn 0.2566 0.8297 0.4958
vn 0.1428 0.8286 0.5413
vn 0.9956 -0.0915 -0.0213
vn 0.9971 -0.0713 -0.0259
vn 0.9917 0.0874 0.0948
vn -0.9415 0.2870 0.1768
vn -0.8506 0.4532 0.2667
vn -0.9066 0.2061 0.3683
vn 0.9452 -0.0914 0.3135
vn 0.8956 -0.1534 0.4175
vn 0.8568 0.0650 0.5116
vn 0.3116 0.2278 -0.9225
vn 0.5245 0.3772 -0.7633
vn 0.2978 0.4309 -0.8518
vn -0.4211 -0.5846 0.6935
vn -0.8887 -0.3656 0.2765
vn -0.7228 -0.2850 0.6295
vn 0.7569 -0.4912 0.4310
vn 0.8973 -0.1838 0.4012
vn 0.8653 -0.3233 0.3830
vn 0.8270 -0.1768 0.5337
vn 0.8640 -0.2346 0.4456
vn 0.7271 -0.5187 0.4497
vn 0.7911 -0.1887 0.5818
vn 0.8462 -0.0998 0.5235
vn 0.7720 -0.3035 0.5585
vn 0.4574 -0.8506 -0.2593
vn 0.4201 -0.9004 -0.1128
vn 0.5413 -0.8319 -0.1219
vn -0.6498 -0.6796 -0.3404
vn -0.6269 -0.5432 -0.5585
vn -0.6039 -0.5912 -0.5345
vn -0.6849 -0.1131 -0.7198
vn -0.7190 -0.1188 -0.6848
vn -0.7299 -0.1219 -0.6726
vn -0.9059 -0.0508 -0.4204
vn -0.8950 -0.0519 -0.4430
vn -0.8946 -0.0472 -0.4443
vn -0.0605 0.7506 -0.6580
vn -0.0223 0.7483 -0.6630
vn -0.0882 0.6869 -0.7213
vn -0.3197 0.8608 0.3960
vn -0.3219 0.8809 0.3469
vn -0.3165 0.8818 0.3497
vn 0.7781 -0.4070 -0.4785
vn 0.7667 -0.4310 -0.4758
vn 0.7279 -0.4817 -0.4880
vn 0.8265 0.0478 0.5609
vn 0.7974 -0.0198 0.6032
vn 0.8028 -0.0462 0.5944
vn 0.3686 -0.4759 -0.7985
vn 0.4286 -0.2817 -0.8584
vn 0.0071 -0.2494 -0.9684
vn 0.8789 -0.1332 0.4580
vn 0.9174 -0.1255 0.3778
vn 0.8625 -0.0298 0.5051
vn 0.2456 0.9637 0.1044
vn -0.0452 0.9858 0.1617
vn -0.1245 0.9891 -0.0792
vn -0.9838 -0.0289 0.1770
vn -0.8362 -0.5363 0.1151
vn -0.9960 -0.0888 -0.0031
vn 0.9260 0.0033 0.3775
vn 0.8322 -0.2128 0.5120
vn 0.8649 -0.0052 0.5019
vn 0.5032 0.7810 0.3700
vn 0.8981 0.4393 -0.0192
vn 0.6902 0.7230 -0.0283
vn -0.9968 -0.0778 0.0210
vn -0.6899 -0.7189 0.0845
vn -0.9654 -0.2576 0.0413
vn -0.7455 -0.6652 0.0416
vn -0.2969 -0.9548 0.0131
vn -0.6811 -0.6980 -0.2211
vn 0.9735 0.1932 0.1227
vn -0.2355 -0.9343 -0.2677
vn 0.2560 0.9652 -0.0527
vn 0.9808 -0.1204 -0.1533
vn 0.8805 0.4304 -0.1988
vn 0.9362 0.0687 -0.3448
vn 0.6838 -0.2734 0.6765
vn 0.8436 -0.4488 0.2949
vn 0.8511 -0.4246 0.3088
vn -0.6960 -0.6907 -0.1962
vn -0.6207 -0.7593 -0.1955
vn -0.6854 -0.7131 -0.1474
vn -0.6775 -0.7039 0.2132
vn -0.6934 -0.6854 0.2223
vn -0.7038 -0.6738 0.2250
vn 0.3231 -0.2290 0.9183
vn 0.2796 -0.2205 0.9345
vn 0.2757 -0.2530 0.9273
vn 0.9685 -0.1946 0.1555
vn 0.8531 -0.3806 0.3568
vn 0.9999 -0.0068 0.0094
vn 0.2604 0.8657 -0.4275
vn 0.3157 0.8675 -0.3844
vn 0.2767 0.8714 -0.4051
vn 0.7996 0.5815 0.1496
vn 0.4703 0.7972 0.3786
vn 0.3785 0.9084 0.1776
vn 0.1797 0.1608 0.9705
vn 0.3572 -0.3241 0.8760
vn 0.6004 0.6334 0.4881
vn -0.5305 -0.7896 0.3083
vn 0.1435 -0.9697 -0.1978
vn -0.6109 -0.7777 -0.1485
vn -0.8461 0.1500 -0.5115
vn -0.6235 0.7818 0.0062
vn -0.8435 0.5263 -0.1072
vn -0.2372 -0.3994 -0.8855
vn 0.0531 -0.2007 -0.9782
vn -0.1157 0.3351 -0.9351
vn 0.1341 0.9090 -0.3946
vn 0.3403 0.9186 -0.2009
vn 0.1970 0.9799 0.0322
vn -0.7832 -0.1991 0.5890
vn -0.7645 -0.5528 0.3314
vn -0.7925 -0.4808 0.3751
vn -0.1444 0.0386 0.9888
vn 0.0179 -0.1920 0.9812
vn 0.1095 -0.1544 0.9819
vn -0.9372 -0.3014 0.1755
vn -0.9514 -0.3045 -0.0472
vn -0.9790 -0.2018 -0.0306
vn -0.9518 -0.3033 -0.0458
vn -0.9507 -0.2675 0.1568
vn -0.9402 -0.2882 0.1816
vn 0.9996 -0.0174 -0.0209
vn 0.9998 -0.0100 0.0193
vn 0.9994 0.0034 -0.0343
vn -0.6156 0.5746 0.5393
vn -0.6323 0.5804 0.5131
vn -0.6259 0.5961 0.5028
vn 0.1426 0.9734 0.1795
vn 0.1657 0.9602 0.2248
vn 0.1285 0.9633 0.2356
vn -0.6723 -0.7176 -0.1821
vn -0.7101 -0.6666 -0.2268
vn -0.6676 -0.7090 -0.2274
vn -0.0054 0.9991 0.0409
vn -0.0335 0.9977 0.0594
vn -0.0251 0.9978 0.0616
vn -0.6540 0.5692 -0.4983
vn -0.6395 0.5584 -0.5284
vn -0.6550 0.5580 -0.5095
vn -0.3820 0.9239 0.0223
vn -0.3611 0.9325 0.0105
vn -0.3443 0.9389 0.0048
vn 0.0628 -0.3033 0.9508
vn 0.7507 -0.0403 0.6594
vn 0.7222 -0.4348 0.5380
vn 0.5504 0.6741 -0.4926
vn 0.6134 0.5848 -0.5308
vn 0.6019 0.6210 -0.5020
vn -0.8778 -0.4649 0.1158
vn -0.7103 -0.6518 0.2659
vn -0.8352 -0.4855 -0.2584
vn -0.6936 0.3736 0.6159
vn -0.6930 0.3752 0.6156
vn -0.6409 0.3988 0.6559
vn 0.5483 0.8142 0.1911
vn 0.3971 0.8283 0.3953
vn 0.4149 0.8578 0.3034
vn 0.5505 0.8176 0.1686
vn 0.5781 0.6952 0.4272
vn 0.5672 0.7770 0.2731
vn -0.8307 0.4391 0.3423
vn -0.7746 0.5862 0.2375
vn -0.8196 0.4988 0.2820
vn -0.7405 0.5499 0.3865
vn -0.7601 0.5256 0.3820
vn -0.7482 0.5401 0.3852
vn 0.3440 -0.9356 -0.0794
vn 0.3447 -0.9337 -0.0968
vn 0.3343 -0.9374 -0.0979
vn 0.3183 0.1297 0.9391
vn 0.4135 0.0995 0.9050
vn 0.2723 0.0865 0.9583
vn 0.6161 0.5932 -0.5182
vn 0.5315 0.4205 -0.7353
vn 0.7592 0.4275 -0.4908
vn -0.0523 0.7183 0.6937
vn 0.0039 0.7408 0.6718
vn -0.3830 0.3117 0.8696
vn 0.1833 0.0569 0.9814
vn 0.2020 0.0110 0.9793
vn 0.2412 -0.0576 0.9688
vn -0.5596 -0.0595 -0.8266
vn -0.5749 0.6305 -0.5214
vn -0.2025 0.6917 -0.6932
vn -0.8836 0.1562 -0.4414
vn -0.9791 0.1791 -0.0967
vn -0.9211 0.1576 -0.3560
vn 0.9369 -0.0414 -0.3471
vn 0.9946 -0.1040 0.0053
vn 0.9987 0.0113 -0.0496
vn 0.3191 0.8928 0.3180
vn 0.2440 0.7634 0.5981
vn 0.2519 0.7914 0.5570
vn 0.4258 -0.8268 0.3675
vn 0.5366 -0.8430 -0.0380
vn 0.2916 -0.8751 -0.3862
vn 0.1235 0.2282 -0.9657
vn 0.2924 0.0323 -0.9557
vn 0.4418 0.0377 -0.8963
vn -0.3719 0.2613 0.8907
vn -0.4074 0.2224 0.8858
vn -0.4718 0.3102 0.8253
vn 0.8989 -0.4214 -0.1197
vn 0.8627 -0.5019 -0.0617
vn 0.8160 -0.5751 -0.0588
vn 0.6836 0.6413 -0.3485
vn 0.6996 0.6462 -0.3049
vn 0.7141 0.6223 -0.3206
vn -0.3540 0.7490 0.5601
vn -0.3120 0.7582 0.5726
vn -0.3218 0.7416 0.5886
vn -0.5704 0.7393 -0.3579
vn -0.5449 0.7462 -0.3825
vn -0.5423 0.7628 -0.3521
vn 0.4309 -0.6414 -0.6347
vn 0.4347 -0.7685 -0.4696
vn 0.5191 -0.6461 -0.5596
vn 0.6624 -0.4324 0.6117
vn 0.6173 -0.3461 0.7065
vn 0.6662 -0.3547 0.6560
vn 0.4790 0.4744 -0.7386
vn 0.3918 0.7988 -0.4564
vn 0.2590 0.5412 -0.8000
vn -0.2525 0.5814 -0.7735
vn -0.1261 0.7286 -0.6733
vn -0.4730 0.6188 -0.6272
vn 0.7081 -0.7034 -0.0620
vn 0.6954 -0.7185 0.0096
vn 0.7547 -0.6531 -0.0620
vn 0.6460 -0.0495 0.7617
vn 0.6734 0.0085 0.7393
vn 0.6716 -0.0353 0.7401
vn -0.7712 -0.5852 -0.2504
vn -0.7669 -0.6043 -0.2163
vn -0.7673 -0.6009 -0.2241
vn 0.0881 -0.9641 0.2506
vn 0.0663 -0.9661 0.2496
vn 0.0650 -0.9644 0.2565
vn -0.2405 0.3285 0.9134
vn -0.2682 0.3124 0.9113
vn -0.2799 0.3179 0.9059
vn 0.8030 0.3943 0.4469
vn 0.8141 0.4679 0.3439
vn 0.7827 0.3787 0.4940
vn 0.1487 -0.4507 0.8802
vn 0.2458 -0.3191 0.9153
vn 0.1759 -0.3827 0.9070
vn -0.2012 -0.6713 0.7134
vn 0.0221 -0.6617 0.7494
vn 0.2584 -0.6728 0.6932
vn -0.9638 0.0137 -0.2661
vn -0.9021 0.3778 -0.2086
vn -0.8633 -0.4702 -0.1834
vn 0.9381 0.0725 0.3386
vn 0.9711 0.0670 0.2289
vn 0.9439 0.0678 0.3231
vn 0.1938 0.5551 0.8089
vn -0.0712 0.5022 0.8618
vn -0.4185 0.6946 0.5851
vn 0.7841 0.6172 0.0654
vn 0.9735 0.0021 -0.2288
vn 0.8674 0.2998 0.3973
vn -0.2939 0.8986 0.3259
vn -0.3168 0.8898 0.3285
vn -0.3187 0.8925 0.3192
vn -0.7999 0.4444 0.4034
vn -0.8205 0.4218 0.3857
vn -0.7963 0.4573 0.3959
vn -0.1111 -0.4718 0.8747
vn -0.0516 -0.4709 0.8807
vn -0.1044 -0.4378 0.8930
vn -0.5806 -0.7581 0.2970
vn -0.7211 -0.4813 0.4983
vn -0.2142 -0.5135 0.8309
vn 0.4004 0.8127 -0.4233
vn 0.7321 0.6490 -0.2068
vn 0.4079 0.8914 -0.1975
vn -0.4558 0.6233 0.6354
vn -0.4186 0.6180 0.6655
vn -0.4522 0.6098 0.6509
vn -0.1268 -0.6233 0.7717
vn -0.1861 -0.4501 0.8734
vn -0.1617 -0.4961 0.8531
vn -0.0529 0.5337 -0.8440
vn 0.0569 0.4452 -0.8936
vn 0.0912 0.4903 -0.8668
vn 0.8196 0.5356 -0.2035
vn 0.8650 0.4563 -0.2088
vn 0.8250 0.5083 -0.2469
vn 0.0983 -0.3481 0.9323
vn 0.0911 -0.2228 0.9706
vn 0.2179 -0.1944 0.9564
vn -0.3172 0.1062 -0.9424
vn -0.2407 0.0076 -0.9706
vn -0.3082 0.1586 -0.9380
vn -0.9823 -0.1855 0.0258
vn 0.7440 -0.1674 0.6468
vn 0.7287 -0.4845 0.4840
vn 0.5338 -0.5187 0.6679
vn 0.5066 -0.5622 0.6537
vn 0.5356 -0.5038 0.6777
vn -0.5746 0.4638 -0.6743
vn -0.5468 0.4886 -0.6799
vn -0.5157 0.5395 -0.6656
vn -0.5797 -0.3129 0.7524
vn -0.6650 -0.2785 0.6930
vn -0.4657 -0.3517 0.8120
vn -0.6926 0.4024 -0.5987
vn -0.6246 0.6903 -0.3651
vn -0.7139 0.4366 -0.5475
vn 0.7347 -0.4333 0.5220
vn 0.5963 -0.3693 0.7128
vn 0.7564 -0.4208 0.5008
vn -0.3883 0.4646 -0.7958
vn -0.2235 0.5661 -0.7935
vn -0.4920 0.4480 -0.7465
vn -0.2322 0.4409 -0.8670
vn -0.8030 0.3887 -0.4518
vn -0.8252 0.3820 -0.4161
vn -0.9320 0.3241 -0.1624
vn 0.8892 0.2503 0.3830
vn -0.9391 0.1624 -0.3028
vn 0.6967 -0.3839 0.6060
vn 0.6931 -0.2698 0.6685
vn 0.7082 -0.2061 0.6753
vn -0.6882 0.5576 -0.4641
vn -0.5946 0.4704 -0.6521
vn -0.4960 0.5292 -0.6884
vn -0.5987 0.5070 -0.6200
vn -0.7864 0.4287 -0.4448
vn -0.8020 0.1317 -0.5827
vn 0.2061 0.5213 -0.8281
vn 0.6967 0.5908 -0.4068
vn 0.4241 0.7229 -0.5455
vn 0.7337 -0.5435 -0.4078
vn 0.8077 -0.1412 -0.5725
vn 0.7301 -0.1614 -0.6640
vn -0.7369 0.3185 -0.5963
vn -0.8986 0.1182 -0.4226
vn -0.4605 0.4983 -0.7346
vn -0.9091 0.1746 0.3782
vn -0.8845 0.4639 0.0494
vn -0.5948 0.7347 0.3263
vn 0.3077 -0.3426 -0.8877
vn -0.2795 -0.6343 -0.7208
vn 0.3918 -0.7295 -0.5607
vn -0.0470 -0.3293 0.9431
vn 0.3347 -0.3026 0.8924
vn -0.0783 -0.4283 0.9003
vn -0.3087 0.8938 0.3254
vn -0.3938 0.9186 0.0335
vn -0.2017 0.8841 0.4215
vn -0.2418 0.8552 -0.4584
vn -0.4081 0.5692 -0.7138
vn 0.2465 0.5580 -0.7924
vn -0.0542 -0.7211 0.6907
vn -0.0325 -0.5193 0.8540
vn -0.5684 -0.3663 0.7367
vn 0.8561 -0.3633 0.3675
vn 0.8638 -0.3676 0.3446
vn 0.8515 -0.3620 0.3793
vn -0.3186 0.8890 0.3289
vn -0.2885 0.9041 0.3151
vn -0.2839 0.8935 0.3479
vn 0.0105 -0.9743 -0.2252
vn 0.0030 -0.9717 -0.2360
vn -0.0056 -0.9769 -0.2138
vn -0.8994 -0.2719 -0.3424
vn -0.8893 -0.2515 -0.3819
vn -0.9190 -0.1690 -0.3563
vn -0.9962 0.0300 0.0822
vn -0.2477 -0.5117 0.8227
vn 0.5861 -0.5373 0.6065
vn 0.0378 -0.4497 0.8924
vn -0.0046 -0.5920 0.8059
vn 0.0070 -0.6005 0.7996
vn 0.0342 -0.2005 0.9791
vn 0.0188 0.5704 -0.8212
vn 0.1013 0.5205 -0.8478
vn -0.0287 0.5139 -0.8574
vn -0.0913 0.4975 -0.8627
vn -0.0428 -0.5586 0.8283
vn 0.2070 -0.2849 0.9359
vn 0.0295 -0.5115 0.8588
vn -0.3552 0.4152 -0.8375
vn -0.1109 0.6361 -0.7636
vn -0.2453 0.5341 -0.8090
vn 0.6117 -0.7304 -0.3038
vn -0.9773 0.2116 -0.0122
vn 0.0323 -0.4802 0.8765
vn 0.1090 -0.9904 -0.0847
vn -0.4522 0.5193 -0.7251
vn -0.4830 0.5005 -0.7184
vn -0.3277 0.9438 0.0432
vn 0.6445 -0.6292 0.4344
vn 0.7318 -0.4299 0.5289
vn -0.9777 0.0605 0.2010
vn 0.8643 -0.3287 0.3806
vn 0.5771 -0.4595 0.6752
vn 0.5668 -0.6829 0.4609
vn 0.6658 -0.4285 0.6108
vn 0.7069 -0.3654 0.6056
vn 0.8719 -0.4652 0.1532
vn 0.7523 -0.4088 0.5167
vn 0.8383 -0.3070 0.4506
vn 0.7099 -0.3834 0.5908
vn 0.9120 -0.3632 0.1905
vn 0.6591 -0.5102 0.5525
vn 0.9445 -0.0926 0.3152
vn 0.9998 0.0190 -0.0087
vn 0.9984 -0.0129 0.0549
vn 0.7817 -0.4768 0.4020
vn 0.7288 -0.4356 0.5283
vn 0.8804 -0.2337 0.4126
vn 0.8349 0.5430 -0.0901
vn 0.9473 0.2874 -0.1418
vn 0.9851 0.1717 0.0077
vn 0.9303 -0.2686 0.2499
vn 0.8118 0.2624 0.5217
vn 0.9648 0.2500 0.0818
vn 0.5994 0.7187 0.3525
vn 0.9271 0.3496 0.1354
vn 0.8200 0.0199 0.5720
vn 0.5896 0.7795 0.2114
vn 0.5685 0.4784 0.6693
vn 0.7365 0.5922 0.3269
vn -0.6594 -0.6657 0.3494
vn -0.3364 -0.9207 0.1977
vn -0.8949 -0.4459 0.0181
vn -0.0793 -0.9511 0.2985
vn -0.1774 -0.9692 -0.1706
vn -0.4318 -0.9015 -0.0291
vn 0.1965 0.9595 -0.2018
vn 0.2440 0.8202 -0.5175
vn 0.6182 0.5721 -0.5390
vn 0.5047 0.8632 0.0108
vn 0.9737 0.1005 0.2045
vn 0.7674 0.5781 0.2771
vn 0.2140 -0.8442 0.4915
vn -0.2118 -0.5457 0.8107
vn 0.1150 -0.6824 0.7219
vn -0.2899 -0.4861 -0.8244
vn -0.3785 -0.6283 -0.6797
vn -0.2906 -0.5251 -0.7999
vn 0.4508 0.7168 0.5320
vn 0.6206 0.5543 0.5546
vn 0.3031 0.6473 0.6994
vn 0.7411 0.0864 0.6659
vn 0.7146 0.1322 0.6869
vn 0.7021 0.1121 0.7032
vn -0.4445 0.8845 0.1415
vn -0.4138 0.8976 0.1517
vn -0.3756 0.9082 0.1849
vn -0.6289 -0.5023 -0.5935
vn -0.6377 -0.4662 -0.6131
vn -0.6487 -0.4504 -0.6135
vn -0.6287 -0.7503 -0.2044
vn -0.5420 -0.8093 -0.2267
vn -0.6185 -0.7506 -0.2326
vn -0.6678 -0.6869 -0.2868
vn -0.6335 -0.7328 -0.2483
vn -0.6507 -0.7118 -0.2643
vn 0.1676 -0.9803 -0.1043
vn 0.1626 -0.9850 -0.0577
vn 0.1821 -0.9794 -0.0873
vn -0.2123 -0.0686 -0.9748
vn -0.2549 -0.0590 -0.9652
vn -0.2840 -0.0839 -0.9551
vn -0.8965 0.0603 -0.4389
vn -0.8614 -0.0936 -0.4992
vn -0.9374 0.1373 -0.3200
vn -0.7758 -0.6310 0.0056
vn -0.0567 -0.8898 0.4529
vn -0.6629 -0.3864 0.6413
vn 0.4679 0.4334 -0.7702
vn 0.4368 0.4763 -0.7631
vn 0.6169 0.3775 -0.6906
vn -0.4941 0.6744 -0.5487
vn 0.8645 -0.5017 0.0301
vn -0.4277 0.6728 -0.6036
vn -0.1199 -0.5522 0.8250
vn -0.1140 -0.5519 0.8261
vn -0.0535 -0.3645 0.9297
vn 0.6862 -0.3506 0.6374
vn 0.4299 -0.4430 0.7867
vn -0.0422 -0.5205 0.8528
vn 0.7702 -0.1749 0.6134
vn 0.5451 -0.8359 -0.0648
vn 0.9073 -0.2265 0.3543
vn 0.8434 -0.5084 0.1735
vn 0.8844 -0.2500 0.3942
vn 0.8693 -0.4424 0.2203
vn 0.4048 -0.0524 0.9129
vn 0.3633 -0.0064 0.9316
vn 0.3460 0.0075 0.9382
vn -0.9718 0.1529 -0.1795
vn -0.9601 0.1967 -0.1988
vn -0.9747 0.1584 -0.1575
vn 0.4031 0.4745 0.7825
vn 0.4308 0.4312 0.7927
vn 0.4786 0.4870 0.7305
vn 0.4839 -0.0722 0.8722
vn 0.4778 -0.0648 0.8761
vn 0.4690 -0.0608 0.8811
vn 0.3400 -0.8555 0.3905
vn 0.3388 -0.8789 0.3358
vn 0.4018 -0.8749 0.2704
vn -0.6990 0.1348 -0.7023
vn -0.9273 0.3737 -0.0225
vn -0.6646 0.4295 -0.6114
vn -0.3498 0.1366 -0.9268
vn -0.8347 0.5505 0.0161
vn -0.7907 0.4095 -0.4551
vn 0.5214 -0.3516 0.7775
vn 0.1192 -0.3021 0.9458
vn 0.5205 0.1042 0.8475
vn 0.9448 0.2134 -0.2485
vn 0.9494 0.2218 0.2222
vn 0.9659 -0.2461 -0.0806
vn 0.2875 -0.6688 0.6856
vn 0.3743 -0.6756 0.6352
vn 0.4609 -0.5629 0.6861
vn 0.6872 0.5812 0.4357
vn 0.8620 0.3684 0.3482
vn 0.9463 0.1668 -0.2770
vn -0.9144 0.3132 -0.2564
vn -0.6956 0.4488 -0.5609
vn -0.7705 -0.3167 -0.5531
vn 0.5448 -0.5184 0.6591
vn 0.5692 -0.6265 0.5325
vn 0.4133 -0.6741 0.6122
vn 0.2144 -0.3508 0.9115
vn 0.2258 -0.2993 0.9271
vn 0.3623 -0.3079 0.8797
vn 0.3243 0.1717 0.9302
vn 0.3005 0.2041 0.9317
vn 0.3349 0.2963 0.8945
vn 0.3227 0.8054 0.4972
vn 0.6498 0.6389 0.4117
vn 0.4906 0.6278 0.6043
vn -0.1554 0.7075 -0.6894
vn -0.0625 0.5269 -0.8476
vn -0.0509 0.5877 -0.8074
vn -0.6908 -0.6353 -0.3453
vn -0.6347 -0.5784 -0.5124
vn -0.7779 -0.5845 -0.2305
vn 0.4662 -0.3787 0.7995
vn 0.5478 0.0281 0.8362
vn 0.6385 0.1993 0.7434
vn 0.0162 -0.0452 -0.9988
vn 0.0154 0.0405 -0.9991
vn 0.0427 0.0174 -0.9989
vn -0.6704 0.6814 -0.2938
vn -0.6506 0.6897 -0.3177
vn -0.6751 0.6721 -0.3042
vn -0.2262 -0.4074 0.8848
vn -0.2540 -0.3096 0.9163
vn -0.2409 -0.3688 0.8977
vn 0.7114 -0.4579 0.5332
vn 0.8351 -0.3351 0.4364
vn 0.4338 -0.4793 0.7630
vn -0.4426 0.5688 -0.6932
vn -0.8351 0.4905 -0.2490
vn -0.8469 0.3067 -0.4343
vn 0.3722 -0.2523 0.8932
vn 0.3810 -0.4566 0.8040
vn 0.1950 -0.2990 0.9341
vn 0.5056 -0.0805 0.8590
vn 0.4939 0.2603 0.8296
vn 0.1697 0.4712 0.8655
vn -0.2454 0.8832 -0.3997
vn -0.6091 0.7177 -0.3374
vn -0.7119 0.4375 -0.5494
vn 0.5089 -0.2709 0.8171
vn 0.3136 -0.6879 0.6546
vn 0.3109 -0.5929 0.7428
vn -0.3592 -0.1363 -0.9232
vn -0.0307 -0.1484 -0.9884
vn -0.0280 0.2813 -0.9592
vn 0.5074 0.3750 -0.7759
vn 0.2932 0.5204 -0.8020
vn 0.8527 -0.0217 -0.5219
vn -0.4189 -0.2715 0.8665
vn -0.3104 -0.4400 0.8427
vn -0.4067 -0.3247 0.8539
vn -0.9922 -0.0906 0.0854
vn -0.9728 -0.2302 -0.0264
vn -0.9800 -0.1507 -0.1298
vn -0.0432 0.5604 -0.8271
vn -0.0248 -0.5497 0.8350
vn -0.0864 0.5610 -0.8233
vn -0.1823 0.5614 -0.8072
vn -0.0000 -0.5557 0.8314
vn -0.0298 -0.5517 0.8335
vn 0.0167 0.5543 -0.8321
vn 0.0061 -0.5557 0.8314
vn 0.8463 0.2673 -0.4608
vn 0.0461 0.5526 -0.8322
vn -0.2898 -0.5227 0.8018
vn -0.6193 -0.4150 0.6666
vn -0.3884 -0.5049 0.7709
vn 0.9918 0.0583 -0.1139
vn 0.7752 0.3386 -0.5333
vn -0.7740 -0.3393 0.5347
vn 0.9994 0.0139 -0.0321
vn 0.9195 -0.2161 0.3285
vn -0.9071 0.2285 -0.3535
vn -0.9353 0.1974 -0.2936
vn -0.9350 0.1992 -0.2935
vn -0.0048 0.9211 -0.3894
vn -0.3778 0.5693 -0.7302
vn -0.0902 0.7633 -0.6398
vn 0.0580 0.9287 0.3664
vn -0.0620 0.9366 0.3450
vn -0.1071 0.9923 0.0628
vn -0.6892 0.6374 -0.3445
vn -0.6893 0.6373 -0.3446
vn -0.5999 0.6280 -0.4957
vn -0.9290 0.3701 -0.0090
vn -0.9630 0.1032 0.2489
vn -0.3143 0.0207 0.9491
vn -0.4640 0.3104 0.8297
vn -0.7028 -0.3336 0.6283
vn -0.5782 -0.2406 0.7796
vn -0.3031 -0.2170 0.9279
vn -0.3629 -0.4312 0.8261
vn -0.9001 0.4357 -0.0062
vn -0.6466 0.7627 -0.0163
vn -0.7921 0.5821 0.1834
vn 0.9791 -0.1302 0.1566
vn 0.1769 -0.5505 0.8159
vn 0.5122 -0.7189 0.4699
vn -0.0731 0.7057 -0.7047
vn -0.2525 0.7145 -0.6525
vn -0.2819 0.5433 -0.7908
vn -0.4099 -0.8138 0.4121
vn -0.5935 -0.7548 0.2793
vn -0.2103 -0.6210 0.7551
vn -0.1403 0.1057 -0.9845
vn 0.4757 -0.0688 -0.8769
vn 0.2000 -0.0052 -0.9798
vn -0.1443 0.5753 -0.8051
vn -0.2329 0.6401 -0.7321
vn -0.2989 0.5755 -0.7613
vn -0.4911 0.5771 -0.6526
vn -0.4487 0.6177 -0.6459
vn -0.6396 0.4520 -0.6217
vn -0.8109 0.5556 -0.1837
vn -0.3780 0.7720 -0.5110
vn -0.7820 0.5280 -0.3312
vn 0.0676 -0.7954 0.6022
vn 0.6069 -0.5587 0.5652
vn 0.0133 -0.7659 0.6428
vn -0.3516 0.7858 -0.5088
vn -0.3151 0.5071 -0.8022
vn 0.1280 0.8599 -0.4941
vn -0.4464 0.1001 -0.8892
vn -0.5919 -0.3342 -0.7335
vn -0.4726 -0.1150 -0.8738
vn 0.8605 0.1818 0.4758
vn 0.7200 0.4315 0.5434
vn 0.8043 0.5671 0.1775
vn -0.7223 -0.2858 -0.6298
vn -0.4357 -0.6140 -0.6582
vn -0.8126 -0.0344 -0.5819
vn 0.8737 0.2385 0.4241
vn 0.5877 0.2708 0.7624
vn 0.6735 0.5913 0.4435
vn 0.5766 -0.1845 0.7959
vn 0.5191 -0.1461 0.8421
vn 0.5457 -0.2108 0.8110
vn -0.9329 -0.3516 0.0785
vn -0.9326 -0.3521 0.0793
vn -0.9310 -0.3609 0.0548
vn -0.4664 -0.8792 -0.0973
vn -0.5430 -0.8380 -0.0539
vn -0.5622 -0.8185 -0.1183
vn 0.1080 -0.6613 0.7423
vn 0.0037 -0.6810 0.7322
vn -0.0196 -0.6095 0.7925
vn -0.1220 -0.5669 0.8147
vn -0.1891 -0.4964 0.8473
vn -0.0422 -0.5552 0.8307
vn 0.7156 -0.3898 0.5796
vn -0.7640 0.3730 -0.5264
vn 0.7460 -0.3730 0.5517
vn -0.6487 0.6984 0.3025
vn -0.8144 0.5440 0.2021
vn -0.9436 0.2484 -0.2186
vn -0.7126 0.3906 -0.5828
vn 0.7168 -0.3879 0.5795
vn -0.7355 0.3773 -0.5628
vn 0.7219 -0.3849 0.5751
vn -0.8433 0.3036 -0.4434
vn -0.9378 0.1954 -0.2870
vn -0.7407 0.3731 -0.5587
vn 0.7569 -0.3623 0.5439
vn 0.7791 -0.3506 0.5196
vn -0.9762 0.1220 -0.1792
vn -0.9350 0.2047 -0.2895
vn 0.9224 -0.2192 0.3180
vn -0.7740 0.3572 -0.5228
vn -0.4292 -0.4960 0.7548
vn 0.6273 0.4304 -0.6491
vn 0.2927 -0.5384 0.7902
vn -0.3624 -0.5143 0.7773
vn -0.2160 0.5443 -0.8106
vn -0.2740 0.5359 -0.7986
vn 0.1131 -0.5541 0.8248
vn -0.0645 0.5560 -0.8286
vn 0.0556 0.5533 -0.8311
vn -0.1024 0.5545 -0.8259
vn 0.0326 -0.5564 0.8303
vn -0.0104 0.5552 -0.8316
vn 0.0380 -0.5567 0.8299
vn 0.0187 -0.5562 0.8308
vn -0.1666 0.5565 -0.8140
vn 0.0824 0.5457 -0.8339
vn 0.0983 -0.5650 0.8192
vn -0.5571 -0.3714 0.7428
vn 0.1050 -0.5644 0.8188
vn 0.1160 -0.5632 0.8182
vn 0.0028 0.5552 -0.8317
vn -0.3057 0.5503 -0.7770
vn 0.0117 0.5545 -0.8321
vn 0.1887 -0.5601 0.8067
vn -0.0000 0.5553 -0.8317
vn 0.0249 -0.5567 0.8304
vn -0.0402 -0.5531 0.8321
vn 0.1903 0.5382 -0.8211
vn 0.7595 -0.3798 0.5281
vn 0.1860 0.5411 -0.8201
vn -0.8144 -0.3132 0.4885
vn -0.7729 -0.3399 0.5359
vn -0.9978 -0.0295 0.0590
vn -0.9983 -0.0277 0.0514
vn -0.9739 0.1258 -0.1888
vn 0.9866 0.0506 -0.1551
vn -0.6718 -0.3049 0.6751
vn -0.9859 0.0925 -0.1393
vn 0.6372 -0.6472 0.4184
vn 0.8677 -0.4691 0.1645
vn 0.6518 -0.6968 0.2995
vn 0.8567 0.2965 0.4221
vn 0.8655 -0.1014 0.4905
vn 0.7989 0.1745 0.5756
vn 0.9063 0.3426 0.2473
vn 0.9270 -0.3278 0.1821
vn 0.9320 -0.3009 0.2020
vn 0.8098 0.0678 0.5828
vn 0.9956 0.0802 0.0489
vn 0.9269 -0.3676 0.0762
vn 0.6525 -0.5984 0.4649
vn 0.7184 -0.6182 0.3189
vn 0.8668 -0.4188 0.2706
vn 0.9996 0.0195 -0.0209
vn 0.9440 -0.3025 0.1316
vn 0.9618 0.2466 0.1188
vn 0.5711 -0.4397 0.6932
vn 0.5636 -0.5567 0.6103
vn 0.5909 -0.3935 0.7043
vn 0.2805 -0.3456 0.8955
vn 0.2912 -0.5498 0.7829
vn 0.0666 -0.4574 0.8868
vn 0.7032 0.6772 0.2165
vn 0.7293 0.6775 -0.0952
vn 0.6829 -0.0142 0.7303
vn -0.5367 0.3359 -0.7740
vn -0.5706 0.3580 -0.7390
vn -0.5713 0.4057 -0.7135
vn -0.1156 -0.3803 0.9176
vn -0.3540 -0.3883 0.8508
vn -0.3769 -0.3975 0.8366
vn -0.9195 0.3576 0.1631
vn -0.9014 0.4303 0.0474
vn -0.8741 0.4754 0.0996
vn -0.7106 0.3913 -0.5847
vn -0.7714 0.3700 -0.5178
vn 0.5175 -0.4367 0.7359
vn -0.7227 0.3838 -0.5748
vn 0.6513 -0.4165 0.6343
vn -0.7176 0.3874 -0.5787
vn 0.6872 -0.4009 0.6058
vn 0.7484 -0.3707 0.5500
vn 0.4532 -0.4784 0.7522
vn -0.7176 0.3869 -0.5790
vn 0.9977 0.0208 -0.0650
vn -0.7146 0.3904 -0.5804
vn 0.4548 -0.4907 0.7432
vn 0.7560 -0.3637 0.5442
vn -0.7245 0.3924 -0.5667
vn -0.9139 0.2258 -0.3374
vn -0.8808 0.2691 -0.3896
vn 0.7557 -0.3778 0.5350
vn -0.6300 0.4444 -0.6368
vn 0.0924 -0.5547 0.8269
vn -0.1032 -0.5484 0.8298
vn 0.2944 0.5281 -0.7965
vn 0.6250 -0.4375 0.6465
vn 0.0552 -0.5562 0.8292
vn -0.1337 -0.5479 0.8258
vn 0.0106 -0.5539 0.8325
vn 0.0522 -0.5565 0.8292
vn 0.2612 0.5442 -0.7973
vn -0.0821 0.5561 -0.8271
vn -0.9910 0.1239 -0.0503
vn 0.0943 -0.5581 0.8244
vn -0.0490 0.5575 -0.8288
vn -0.0817 0.8016 -0.5922
vn -0.0981 0.7934 -0.6007
vn -0.1075 0.8074 -0.5801
vn 0.8011 -0.0610 0.5954
vn 0.7880 -0.2461 0.5643
vn 0.7210 -0.1381 0.6790
vn 0.7731 0.2675 0.5751
vn 0.7814 0.3224 0.5344
vn 0.7502 0.3076 0.5853
vn -0.2279 0.1639 -0.9598
vn -0.3234 0.0175 -0.9461
vn -0.0992 0.2264 -0.9690
vn -0.7545 0.6558 0.0269
vn -0.7773 0.6284 0.0307
vn -0.7704 0.6369 -0.0277
vn -0.9169 0.0329 -0.3977
vn -0.9035 0.0239 -0.4280
vn -0.8929 0.0588 -0.4463
vn -0.0626 0.3056 -0.9501
vn -0.0655 0.3295 -0.9419
vn -0.0807 0.3255 -0.9421
vn -0.1392 -0.8389 0.5262
vn -0.0977 -0.8149 0.5713
vn -0.1099 -0.7997 0.5903
vn -0.6892 0.7151 0.1167
vn -0.7012 0.7053 0.1043
vn -0.6654 0.7434 0.0671
vn 0.1643 -0.9856 0.0387
vn 0.1503 -0.9876 0.0445
vn 0.1200 -0.9888 0.0889
vn 0.2601 -0.2881 -0.9216
vn 0.1540 -0.2946 -0.9431
vn 0.1168 -0.3055 -0.9450
vn 0.3279 -0.3831 0.8636
vn 0.3112 -0.2981 0.9024
vn 0.3202 -0.2740 0.9069
vn 0.5468 -0.4733 0.6906
vn 0.5060 -0.5353 0.6763
vn 0.5377 -0.4480 0.7142
vn -0.8335 0.4882 -0.2588
vn -0.7182 0.6957 0.0150
vn -0.8822 0.4698 0.0298
vn -0.8077 0.5568 0.1941
vn -0.8403 0.4771 0.2575
vn -0.9077 0.3829 0.1716
vn -0.0562 -0.4864 0.8719
vn -0.5564 -0.3747 0.7416
vn -0.4434 -0.3469 0.8265
vn 0.1328 -0.5360 0.8337
vn 0.4234 -0.3960 0.8148
vn 0.2990 -0.6564 0.6926
vn 0.1575 -0.4338 0.8871
vn -0.0314 -0.2086 0.9775
vn 0.2964 -0.3366 0.8938
vn -0.0486 -0.2709 0.9614
vn -0.0293 -0.3992 0.9164
vn 0.0977 -0.3474 0.9326
vn -0.0984 -0.9948 0.0270
vn -0.5284 -0.8483 0.0343
vn 0.2256 -0.9203 0.3196
vn 0.2926 -0.9256 0.2402
vn -0.2442 -0.8725 0.4232
vn 0.2435 -0.8942 0.3757
vn 0.0149 -0.8496 0.5272
vn 0.1603 -0.8117 0.5617
vn 0.1672 -0.6288 0.7594
vn 0.3484 -0.3628 0.8643
vn -0.0462 -0.9896 -0.1362
vn -0.0549 -0.9322 0.3578
vn -0.7416 0.1684 0.6493
vn -0.7532 0.5082 0.4176
vn -0.7802 0.3000 0.5489
vn -0.8828 0.3713 0.2877
vn -0.8851 0.3458 0.3115
vn -0.8841 0.3596 0.2986
vn -0.4920 0.6038 -0.6272
vn -0.8354 0.5386 -0.1100
vn -0.8355 0.4959 -0.2369
vn 0.4465 0.6863 -0.5742
vn 0.1075 0.4344 -0.8943
vn 0.0844 0.2971 -0.9511
vn 0.3113 0.1945 -0.9302
vn 0.1709 0.6715 -0.7210
vn 0.1474 0.8256 -0.5446
vn 0.6498 -0.2583 0.7149
vn 0.6518 -0.5655 0.5053
vn 0.7020 0.4077 0.5839
vn -0.7283 -0.5093 0.4585
vn -0.2826 -0.2915 0.9139
vn -0.3626 -0.3798 0.8510
vn 0.1999 -0.0143 -0.9797
vn 0.0958 0.2833 -0.9542
vn 0.2571 0.4342 -0.8634
vn 0.0462 -0.8132 0.5802
vn -0.3425 -0.7960 0.4990
vn -0.1898 -0.7402 0.6450
vn 0.3079 -0.6741 0.6714
vn 0.1171 -0.6268 0.7703
vn 0.4355 -0.6582 0.6141
vn 0.1507 0.1275 0.9803
vn 0.1375 0.1044 0.9850
vn 0.1782 0.0144 0.9839
vn 0.3749 -0.7234 0.5798
vn 0.4366 -0.6584 0.6131
vn 0.3381 -0.8000 0.4957
vn 0.8152 -0.0151 0.5790
vn -0.8793 0.3778 -0.2899
vn -0.6410 0.3708 -0.6720
vn 0.9062 -0.3362 0.2564
vn 0.8447 -0.3887 0.3678
vn 0.9041 -0.3446 0.2526
vn 0.6508 -0.4222 0.6311
vn 0.6638 -0.4369 0.6070
vn 0.6022 -0.4281 0.6739
vn 0.5086 -0.4480 0.7352
vn 0.6059 -0.4716 0.6406
vn 0.4228 -0.4344 0.7953
vn -0.5359 0.6224 0.5705
vn -0.5288 0.6222 0.5773
vn -0.5482 0.6178 0.5637
vn -0.2852 -0.2366 0.9288
vn -0.3433 -0.2097 0.9155
vn -0.3071 -0.1436 0.9408
vn -0.2683 0.4478 -0.8530
vn -0.7903 0.4610 -0.4037
vn -0.4319 0.3792 -0.8183
vn -0.7028 0.4869 -0.5187
vn -0.7289 0.4425 -0.5223
vn -0.6324 0.4907 -0.5994
vn 0.0507 0.0637 0.9967
vn -0.1813 -0.3402 0.9227
vn -0.3819 -0.3249 -0.8652
vn -0.3801 0.4331 -0.8173
vn -0.5360 0.3479 -0.7692
vn -0.4915 0.3451 -0.7995
vn -0.6790 0.3680 -0.6353
vn -0.7091 0.4125 -0.5719
vn -0.7631 0.3875 -0.5173
vn -0.1711 -0.8233 -0.5411
vn -0.1795 -0.8246 -0.5364
vn -0.1965 -0.8375 -0.5099
vn 0.4668 -0.8029 -0.3708
vn 0.4780 -0.7820 -0.4000
vn 0.4820 -0.8089 -0.3367
vn -0.0332 -0.9810 -0.1913
vn -0.0431 -0.9856 -0.1637
vn -0.0207 -0.9873 -0.1573
vn -0.9216 0.2560 -0.2919
vn -0.9276 0.2889 -0.2367
vn -0.9277 0.2461 -0.2808
vn 0.9955 -0.0128 0.0938
vn 0.9971 -0.0106 0.0759
vn 0.9959 -0.0436 0.0787
vn -0.2019 0.0056 -0.9794
vn -0.2492 0.0046 -0.9684
vn -0.2016 0.0113 -0.9794
vn -0.9112 0.2068 -0.3563
vn -0.9203 0.2031 -0.3344
vn -0.9111 0.1935 -0.3640
vn -0.0214 -0.4213 0.9067
vn -0.0152 -0.5628 0.8265
vn 0.1620 -0.3913 0.9059
vn 0.6343 0.1324 -0.7617
vn 0.8038 0.0713 -0.5906
vn 0.4555 0.3548 -0.8165
vn 0.6420 -0.4018 0.6530
vn 0.5649 -0.3992 0.7222
vn 0.5706 -0.3805 0.7278
vn 0.5190 -0.3393 0.7846
vn 0.5314 -0.2806 0.7993
vn 0.5589 -0.4476 0.6981
vn 0.2859 -0.2495 -0.9252
vn 0.2885 -0.2426 -0.9263
vn 0.2811 -0.2209 -0.9339
vn -0.1473 0.9735 -0.1750
vn -0.1471 0.9766 -0.1569
vn -0.2233 0.9597 -0.1708
vn -0.9953 -0.0736 -0.0624
vn -0.9925 -0.0903 0.0819
vn -0.9979 -0.0405 0.0509
vn 0.6712 0.7391 -0.0578
vn 0.6726 0.7398 0.0162
vn 0.5480 0.8316 0.0902
vn 0.5513 0.7877 -0.2750
vn 0.3206 0.7394 -0.5920
vn 0.4669 0.6789 -0.5667
vn 0.2327 -0.7570 -0.6106
vn -0.1092 -0.2227 -0.9687
vn 0.0623 -0.8068 -0.5875
vn 0.5848 -0.1503 -0.7972
vn 0.1686 0.2078 -0.9635
vn 0.2403 -0.0524 -0.9693
vn 0.0363 0.7366 0.6754
vn 0.8406 -0.1759 0.5122
vn 0.6651 -0.0701 0.7435
vn -0.7896 0.5450 -0.2819
vn -0.8074 0.5096 -0.2973
vn -0.8005 0.5148 -0.3069
vn 0.7761 -0.0367 0.6295
vn 0.3725 -0.6259 0.6852
vn 0.5334 -0.2005 0.8217
vn -0.5786 -0.7271 0.3697
vn -0.6977 -0.7047 -0.1285
vn -0.7260 -0.6857 -0.0527
vn -0.6571 -0.5907 -0.4683
vn -0.6335 -0.5016 -0.5892
vn -0.8167 -0.3021 -0.4917
vn -0.8111 0.2526 0.5276
vn -0.8816 0.0050 0.4719
vn -0.8894 0.2985 -0.3463
vn -0.5714 -0.0986 -0.8147
vn -0.7495 -0.6272 -0.2118
vn 0.0740 -0.5034 -0.8609
vn 0.2760 -0.2925 0.9156
vn 0.2406 -0.2894 0.9265
vn 0.2523 -0.2714 0.9288
vn 0.6100 0.7914 -0.0405
vn 0.5380 0.8428 -0.0173
vn 0.6254 0.7730 -0.1063
vn 0.0500 -0.3566 0.9329
vn 0.4821 -0.5059 0.7153
vn -0.1119 -0.3029 0.9464
vn 0.2613 0.5700 -0.7790
vn 0.3128 0.5211 -0.7941
vn 0.3081 0.5719 -0.7603
vn -0.9683 0.1643 0.1884
vn -0.9692 0.1595 0.1876
vn -0.9786 0.1297 0.1596
vn 0.2082 -0.3542 0.9117
vn 0.1498 -0.3621 0.9200
vn 0.2016 -0.3253 0.9239
vn -0.9999 -0.0063 -0.0113
vn -0.9951 0.0779 -0.0612
vn -0.9964 0.0268 -0.0804
vn -0.4422 0.2717 -0.8548
vn -0.4234 0.2831 -0.8606
vn -0.4794 0.2853 -0.8299
vn 0.1358 -0.9904 0.0246
vn 0.1579 -0.9865 0.0426
vn 0.1234 -0.9917 0.0356
vn -0.8418 -0.4893 0.2278
vn -0.8308 -0.5012 0.2421
vn -0.8350 -0.4885 0.2533
vn 0.2545 -0.2351 0.9381
vn 0.3041 -0.2347 0.9233
vn 0.2795 -0.2218 0.9342
vn 0.2950 -0.8544 0.4277
vn 0.3125 -0.8506 0.4228
vn 0.2768 -0.8741 0.3991
vn -0.8240 0.4244 -0.3754
vn -0.7991 0.4153 -0.4348
vn -0.7994 0.4288 -0.4209
vn -0.8683 0.3008 0.3946
vn -0.8683 0.3095 0.3875
vn -0.8720 0.2969 0.3892
vn -0.1419 0.9290 0.3418
vn -0.0711 0.9062 0.4167
vn -0.0942 0.8999 0.4259
vn -0.3684 -0.5693 0.7350
vn -0.2985 -0.5802 0.7578
vn -0.3758 -0.5483 0.7471
vn -0.9187 0.3041 0.2519
vn -0.9500 0.2237 0.2176
vn -0.9140 0.2462 0.3226
vn -0.9782 -0.0052 0.2074
vn -0.9685 -0.0480 0.2443
vn -0.9735 -0.0197 0.2279
vn -0.8860 -0.3812 0.2638
vn -0.9057 -0.3403 0.2528
vn -0.9019 -0.3563 0.2442
vn -0.7894 0.3572 0.4993
vn -0.8151 0.3276 0.4777
vn -0.8354 0.3205 0.4465
vn 0.4932 -0.3565 0.7935
vn 0.5020 -0.3850 0.7745
vn 0.5212 -0.3599 0.7738
vn -0.7695 0.6372 0.0432
vn -0.7674 0.6396 0.0439
vn -0.7014 0.7126 0.0165
vn -0.9405 0.2200 -0.2591
vn -0.9534 0.2045 -0.2219
vn -0.9499 0.2032 -0.2373
vn -0.8257 0.2850 -0.4868
vn -0.8256 0.2510 -0.5054
vn -0.8172 0.2539 -0.5175
vn -0.8863 -0.1380 0.4420
vn -0.8629 -0.1443 0.4844
vn -0.8979 -0.1038 0.4278
vn -0.3519 0.2742 -0.8950
vn -0.3554 0.3231 -0.8771
vn -0.2982 0.3347 -0.8939
vn -0.9957 0.0928 0.0068
vn -0.9894 0.1404 0.0374
vn -0.9963 0.0844 0.0138
vn -0.9244 -0.3762 0.0632
vn -0.9190 -0.3825 0.0962
vn -0.9113 -0.3840 0.1488
vn -0.3273 0.2731 -0.9046
vn -0.3447 0.2544 -0.9036
vn -0.3517 0.2298 -0.9074
vn -0.6740 -0.5815 -0.4556
vn -0.7050 -0.5666 -0.4266
vn -0.7264 -0.5499 -0.4122
vn -0.0454 0.8842 -0.4649
vn -0.0145 0.8659 -0.4999
vn -0.0176 0.8589 -0.5119
vn -0.6823 0.4831 0.5487
vn -0.6732 0.5379 0.5074
vn -0.7020 0.4838 0.5226
vn -0.9146 -0.4033 0.0281
vn -0.9380 -0.3369 0.0810
vn -0.9196 -0.3909 0.0378
vn 0.2490 -0.8324 0.4951
vn 0.3035 -0.7842 0.5412
vn 0.3074 -0.7727 0.5554
vn -0.9886 -0.1456 -0.0392
vn -0.9801 -0.1886 -0.0620
vn -0.9956 -0.0931 -0.0051
vn -0.6615 0.5562 0.5031
vn -0.7005 0.5211 0.4877
vn -0.6043 0.6003 0.5238
vn -0.3239 0.3033 -0.8962
vn -0.3539 0.2449 -0.9027
vn -0.3555 0.2659 -0.8961
vn -0.6947 0.4255 0.5800
vn -0.6862 0.4206 0.5935
vn -0.6830 0.4270 0.5927
vn -0.4027 0.9129 0.0664
vn -0.4120 0.9099 0.0476
vn -0.4264 0.8980 0.1085
vn -0.3598 0.5440 0.7580
vn -0.3518 0.6111 0.7091
vn -0.3309 0.5896 0.7368
vn 0.0247 -0.1338 0.9907
vn -0.0358 -0.1382 0.9898
vn -0.1180 -0.1283 0.9847
vn -0.2039 -0.1070 -0.9731
vn -0.2454 -0.0337 -0.9688
vn -0.2516 -0.0182 -0.9677
vn -0.3081 0.1202 -0.9437
vn -0.3427 0.1709 -0.9238
vn -0.2788 0.1089 -0.9541
vn -0.7065 -0.5409 0.4563
vn -0.6922 -0.4948 0.5254
vn -0.7716 -0.5004 0.3927
vn -0.7246 -0.6696 -0.1628
vn -0.7263 -0.6835 -0.0722
vn -0.7194 -0.6802 -0.1406
vn -0.9071 -0.3919 0.1532
vn -0.9168 -0.3824 0.1150
vn -0.8847 -0.4432 0.1447
vn -0.8609 0.2673 0.4330
vn -0.8798 0.2547 0.4013
vn -0.8656 0.2513 0.4331
vn -0.9754 -0.1856 0.1187
vn -0.9675 -0.2229 0.1199
vn -0.9560 -0.2388 0.1707
s 0
f 8/0/1 4/0/2 1/0/3
f 1/0/4 2/0/5 3/0/6
f 2/0/7 5/0/8 3/0/9
f 3/0/10 5/0/11 7/0/12
f 1/0/13 3/0/14 8/0/15
f 1/0/16 4/0/17 2/0/18
f 6/0/19 27/0/20 17/0/21
f 12/0/22 15/0/23 19/0/24
f 34/0/25 8/0/26 3/0/27
f 34/0/28 3/0/29 7/0/30
f 13/0/31 6/0/32 11/0/33
f 11/0/34 9/0/35 13/0/36
f 15/0/37 12/0/38 14/0/39
f 7/0/40 5/0/41 21/0/42
f 15/0/43 26/0/44 19/0/45
f 5/0/46 2/0/47 16/0/48
f 17/0/49 27/0/50 10/0/51
f 9/0/52 11/0/53 23/0/54
f 25/0/55 28/0/56 20/0/57
f 16/0/58 2/0/59 4/0/60
f 25/0/61 20/0/62 26/0/63
f 17/0/64 18/0/65 6/0/66
f 24/0/67 12/0/68 19/0/69
f 11/0/70 6/0/71 18/0/72
f 23/0/73 11/0/74 18/0/75
f 9/0/76 22/0/77 13/0/78
f 17/0/79 10/0/80 30/0/81
f 6/0/82 13/0/83 27/0/84
f 59/0/85 15/0/86 14/0/87
f 21/0/88 5/0/89 16/0/90
f 34/0/91 7/0/92 29/0/93
f 45/0/94 12/0/95 24/0/96
f 30/0/97 54/0/98 17/0/99
f 22/0/100 9/0/101 23/0/102
f 33/0/103 14/0/104 12/0/105
f 29/0/106 7/0/107 21/0/108
f 29/0/109 38/0/110 34/0/111
f 19/0/112 37/0/113 24/0/114
f 39/0/115 32/0/116 19/0/117
f 20/0/118 28/0/119 36/0/120
f 35/0/121 41/0/122 42/0/123
f 27/0/124 13/0/125 22/0/126
f 12/0/127 45/0/128 33/0/129
f 38/0/130 29/0/131 40/0/132
f 46/0/133 42/0/134 41/0/135
f 35/0/136 42/0/137 58/0/138
f 16/0/139 4/0/140 8/0/141
f 60/0/142 39/0/143 19/0/144
f 67/0/145 45/0/146 24/0/147
f 43/0/148 38/0/149 41/0/150
f 54/0/151 30/0/152 63/0/153
f 47/0/154 10/0/155 27/0/156
f 55/0/157 31/0/158 23/0/159
f 26/0/160 20/0/161 60/0/162
f 26/0/163 60/0/164 19/0/165
f 51/0/166 29/0/167 21/0/168
f 33/0/169 45/0/170 42/0/171
f 52/0/172 41/0/173 35/0/174
f 10/0/175 47/0/176 50/0/177
f 47/0/178 63/0/179 30/0/180
f 31/0/181 55/0/182 53/0/183
f 66/0/184 33/0/185 42/0/186
f 41/0/187 38/0/188 40/0/189
f 49/0/190 30/0/191 10/0/192
f 63/0/193 49/0/194 10/0/195
f 50/0/196 30/0/197 49/0/198
f 47/0/199 30/0/200 50/0/201
f 47/0/202 49/0/203 63/0/204
f 23/0/205 18/0/206 55/0/207
f 29/0/208 51/0/209 40/0/210
f 10/0/211 50/0/212 63/0/213
f 49/0/214 27/0/215 50/0/216
f 27/0/217 49/0/218 47/0/219
f 18/0/220 17/0/221 76/0/222
f 52/0/223 43/0/224 41/0/225
f 48/0/226 27/0/227 22/0/228
f 19/0/229 32/0/230 44/0/231
f 42/0/232 45/0/233 58/0/234
f 27/0/235 63/0/236 50/0/237
f 26/0/238 15/0/239 59/0/240
f 60/0/241 20/0/242 36/0/243
f 19/0/244 44/0/245 37/0/246
f 66/0/247 42/0/248 46/0/249
f 53/0/250 23/0/251 31/0/252
f 48/0/253 63/0/254 27/0/255
f 25/0/256 26/0/257 98/0/258
f 21/0/259 16/0/260 57/0/261
f 37/0/262 67/0/263 24/0/264
f 46/0/265 41/0/266 61/0/267
f 22/0/268 23/0/269 53/0/270
f 51/0/271 21/0/272 62/0/273
f 76/0/274 17/0/275 54/0/276
f 78/0/277 103/0/278 56/0/279
f 65/0/280 36/0/281 28/0/282
f 67/0/283 58/0/284 45/0/285
f 62/0/286 21/0/287 57/0/288
f 77/0/289 58/0/290 67/0/291
f 63/0/292 48/0/293 69/0/294
f 26/0/295 59/0/296 98/0/297
f 44/0/298 32/0/299 81/0/300
f 41/0/301 40/0/302 80/0/303
f 58/0/304 139/0/305 35/0/306
f 32/0/307 39/0/308 71/0/309
f 63/0/310 85/0/311 54/0/312
f 61/0/313 41/0/314 80/0/315
f 8/0/316 91/0/317 68/0/318
f 38/0/319 74/0/320 34/0/321
f 67/0/322 37/0/323 44/0/324
f 136/0/325 76/0/326 54/0/327
f 59/0/328 14/0/329 33/0/330
f 65/0/331 28/0/332 70/0/333
f 68/0/334 16/0/335 8/0/336
f 76/0/337 82/0/338 18/0/339
f 78/0/340 56/0/341 87/0/342
f 70/0/343 36/0/344 65/0/345
f 139/0/346 95/0/347 35/0/348
f 28/0/349 25/0/350 70/0/351
f 79/0/352 60/0/353 36/0/354
f 38/0/355 73/0/356 74/0/357
f 33/0/358 66/0/359 86/0/360
f 73/0/361 38/0/362 43/0/363
f 54/0/364 75/0/365 89/0/366
f 54/0/367 93/0/368 75/0/369
f 78/0/370 72/0/371 103/0/372
f 36/0/373 70/0/374 79/0/375
f 81/0/376 32/0/377 71/0/378
f 85/0/379 93/0/380 54/0/381
f 139/0/382 58/0/383 77/0/384
f 64/0/385 35/0/386 90/0/387
f 53/0/388 55/0/389 84/0/390
f 72/0/391 22/0/392 53/0/393
f 69/0/394 106/0/395 63/0/396
f 48/0/397 83/0/398 69/0/399
f 90/0/400 35/0/401 95/0/402
f 55/0/403 107/0/404 84/0/405
f 8/0/406 34/0/407 134/0/408
f 66/0/409 46/0/410 122/0/411
f 85/0/412 63/0/413 106/0/414
f 93/0/415 147/0/416 75/0/417
f 89/0/418 136/0/419 54/0/420
f 116/0/421 52/0/422 35/0/423
f 82/0/424 55/0/425 18/0/426
f 83/0/427 48/0/428 22/0/429
f 72/0/430 53/0/431 104/0/432
f 33/0/433 86/0/434 59/0/435
f 92/0/436 85/0/437 106/0/438
f 88/0/439 98/0/440 59/0/441
f 71/0/442 39/0/443 60/0/444
f 80/0/445 40/0/446 51/0/447
f 83/0/448 22/0/449 72/0/450
f 57/0/451 16/0/452 68/0/453
f 44/0/454 77/0/455 67/0/456
f 103/0/457 72/0/458 104/0/459
f 51/0/460 62/0/461 99/0/462
f 115/0/463 89/0/464 75/0/465
f 94/0/466 75/0/467 147/0/468
f 116/0/469 35/0/470 64/0/471
f 102/0/472 69/0/473 83/0/474
f 107/0/475 55/0/476 82/0/477
f 103/0/478 104/0/479 97/0/480
f 70/0/481 25/0/482 98/0/483
f 86/0/484 66/0/485 137/0/486
f 81/0/487 85/0/488 121/0/489
f 85/0/490 81/0/491 93/0/492
f 115/0/493 100/0/494 94/0/495
f 115/0/496 75/0/497 100/0/498
f 100/0/499 101/0/500 94/0/501
f 75/0/502 94/0/503 101/0/504
f 189/0/505 82/0/506 76/0/507
f 81/0/508 71/0/509 105/0/510
f 114/0/511 100/0/512 75/0/513
f 101/0/514 114/0/515 75/0/516
f 101/0/517 100/0/518 111/0/519
f 111/0/520 100/0/521 114/0/522
f 87/0/523 109/0/524 78/0/525
f 118/0/526 43/0/527 52/0/528
f 111/0/529 114/0/530 89/0/531
f 182/0/532 142/0/533 76/0/534
f 142/0/535 189/0/536 76/0/537
f 78/0/538 108/0/539 72/0/540
f 109/0/541 87/0/542 113/0/543
f 72/0/544 109/0/545 113/0/546
f 109/0/547 72/0/548 108/0/549
f 56/0/550 103/0/551 96/0/552
f 87/0/553 56/0/554 96/0/555
f 59/0/556 86/0/557 88/0/558
f 79/0/559 71/0/560 60/0/561
f 81/0/562 105/0/563 93/0/564
f 89/0/565 115/0/566 111/0/567
f 101/0/568 115/0/569 114/0/570
f 111/0/571 115/0/572 101/0/573
f 76/0/574 136/0/575 182/0/576
f 112/0/577 72/0/578 113/0/579
f 112/0/580 117/0/581 72/0/582
f 112/0/583 108/0/584 78/0/585
f 117/0/586 109/0/587 108/0/588
f 113/0/589 117/0/590 108/0/591
f 117/0/592 113/0/593 87/0/594
f 117/0/595 112/0/596 78/0/597
f 109/0/598 117/0/599 78/0/600
f 110/0/601 46/0/602 61/0/603
f 108/0/604 112/0/605 113/0/606
f 133/0/607 62/0/608 57/0/609
f 66/0/610 122/0/611 120/0/612
f 131/0/613 46/0/614 110/0/615
f 110/0/616 124/0/617 131/0/618
f 147/0/619 114/0/620 115/0/621
f 102/0/622 83/0/623 72/0/624
f 134/0/625 34/0/626 74/0/627
f 125/0/628 77/0/629 44/0/630
f 128/0/631 137/0/632 66/0/633
f 66/0/634 126/0/635 129/0/636
f 66/0/637 120/0/638 126/0/639
f 120/0/640 127/0/641 126/0/642
f 120/0/643 129/0/644 127/0/645
f 66/0/646 129/0/647 128/0/648
f 129/0/649 120/0/650 122/0/651
f 122/0/652 128/0/653 129/0/654
f 122/0/655 140/0/656 128/0/657
f 122/0/658 46/0/659 119/0/660
f 131/0/661 130/0/662 46/0/663
f 124/0/664 123/0/665 46/0/666
f 124/0/667 130/0/668 61/0/669
f 131/0/670 124/0/671 61/0/672
f 124/0/673 46/0/674 130/0/675
f 124/0/676 110/0/677 123/0/678
f 118/0/679 52/0/680 171/0/681
f 115/0/682 94/0/683 147/0/684
f 53/0/685 84/0/686 141/0/687
f 126/0/688 127/0/689 137/0/690
f 140/0/691 137/0/692 128/0/693
f 140/0/694 126/0/695 137/0/696
f 140/0/697 129/0/698 126/0/699
f 140/0/700 127/0/701 129/0/702
f 81/0/703 121/0/704 44/0/705
f 176/0/706 73/0/707 43/0/708
f 176/0/709 43/0/710 118/0/711
f 119/0/712 46/0/713 123/0/714
f 130/0/715 131/0/716 123/0/717
f 131/0/718 119/0/719 123/0/720
f 131/0/721 61/0/722 119/0/723
f 61/0/724 130/0/725 123/0/726
f 136/0/727 89/0/728 114/0/729
f 121/0/730 85/0/731 92/0/732
f 139/0/733 77/0/734 207/0/735
f 222/0/736 69/0/737 102/0/738
f 53/0/739 141/0/740 104/0/741
f 123/0/742 110/0/743 61/0/744
f 52/0/745 116/0/746 171/0/747
f 147/0/748 136/0/749 114/0/750
f 90/0/751 95/0/752 144/0/753
f 97/0/754 96/0/755 103/0/756
f 80/0/757 51/0/758 99/0/759
f 135/0/760 138/0/761 118/0/762
f 64/0/763 90/0/764 144/0/765
f 146/0/766 107/0/767 82/0/768
f 8/0/769 145/0/770 91/0/771
f 145/0/772 8/0/773 134/0/774
f 135/0/775 118/0/776 171/0/777
f 95/0/778 139/0/779 144/0/780
f 82/0/781 168/0/782 157/0/783
f 86/0/784 149/0/785 88/0/786
f 70/0/787 98/0/788 79/0/789
f 74/0/790 73/0/791 150/0/792
f 64/0/793 144/0/794 148/0/795
f 84/0/796 107/0/797 213/0/798
f 71/0/799 79/0/800 160/0/801
f 93/0/802 105/0/803 132/0/804
f 116/0/805 64/0/806 148/0/807
f 146/0/808 82/0/809 157/0/810
f 104/0/811 141/0/812 97/0/813
f 74/0/814 150/0/815 134/0/816
f 125/0/817 44/0/818 121/0/819
f 127/0/820 140/0/821 122/0/822
f 138/0/823 135/0/824 183/0/825
f 156/0/826 153/0/827 143/0/828
f 142/0/829 156/0/830 143/0/831
f 142/0/832 152/0/833 156/0/834
f 151/0/835 143/0/836 154/0/837
f 155/0/838 143/0/839 152/0/840
f 155/0/841 152/0/842 142/0/843
f 143/0/844 153/0/845 152/0/846
f 153/0/847 154/0/848 152/0/849
f 152/0/850 154/0/851 156/0/852
f 189/0/853 142/0/854 143/0/855
f 154/0/856 143/0/857 155/0/858
f 154/0/859 153/0/860 159/0/861
f 156/0/862 154/0/863 155/0/864
f 102/0/865 72/0/866 117/0/867
f 203/0/868 149/0/869 86/0/870
f 106/0/871 69/0/872 92/0/873
f 217/0/874 147/0/875 93/0/876
f 151/0/877 154/0/878 161/0/879
f 159/0/880 143/0/881 151/0/882
f 161/0/883 154/0/884 159/0/885
f 155/0/886 161/0/887 156/0/888
f 151/0/889 164/0/890 159/0/891
f 161/0/892 159/0/893 156/0/894
f 159/0/895 164/0/896 156/0/897
f 141/0/898 84/0/899 213/0/900
f 177/0/901 135/0/902 171/0/903
f 170/0/904 135/0/905 158/0/906
f 155/0/907 151/0/908 161/0/909
f 143/0/910 165/0/911 164/0/912
f 165/0/913 143/0/914 159/0/915
f 165/0/916 159/0/917 153/0/918
f 164/0/919 165/0/920 156/0/921
f 156/0/922 166/0/923 153/0/924
f 153/0/925 166/0/926 155/0/927
f 153/0/928 155/0/929 190/0/930
f 189/0/931 168/0/932 82/0/933
f 167/0/934 165/0/935 153/0/936
f 160/0/937 79/0/938 98/0/939
f 144/0/940 139/0/941 229/0/942
f 187/0/943 189/0/944 143/0/945
f 175/0/946 143/0/947 164/0/948
f 175/0/949 164/0/950 151/0/951
f 175/0/952 151/0/953 155/0/954
f 155/0/955 173/0/956 175/0/957
f 174/0/958 173/0/959 155/0/960
f 174/0/961 155/0/962 166/0/963
f 165/0/964 173/0/965 156/0/966
f 173/0/967 174/0/968 167/0/969
f 156/0/970 173/0/971 167/0/972
f 166/0/973 167/0/974 190/0/975
f 166/0/976 156/0/977 167/0/978
f 165/0/979 167/0/980 174/0/981
f 153/0/982 190/0/983 167/0/984
f 117/0/985 87/0/986 96/0/987
f 175/0/988 173/0/989 165/0/990
f 174/0/991 166/0/992 190/0/993
f 175/0/994 165/0/995 174/0/996
f 183/0/997 135/0/998 231/0/999
f 169/0/1000 135/0/1001 170/0/1002
f 147/0/1003 172/0/1004 178/0/1005
f 148/0/1006 144/0/1007 180/0/1008
f 175/0/1009 187/0/1010 143/0/1011
f 175/0/1012 174/0/1013 190/0/1014
f 141/0/1015 96/0/1016 97/0/1017
f 236/0/1018 150/0/1019 73/0/1020
f 220/0/1021 119/0/1022 61/0/1023
f 181/0/1024 61/0/1025 80/0/1026
f 92/0/1027 69/0/1028 179/0/1029
f 93/0/1030 132/0/1031 217/0/1032
f 147/0/1033 178/0/1034 186/0/1035
f 230/0/1036 116/0/1037 148/0/1038
f 182/0/1039 202/0/1040 142/0/1041
f 191/0/1042 168/0/1043 189/0/1044
f 299/0/1045 68/0/1046 145/0/1047
f 88/0/1048 235/0/1049 98/0/1050
f 105/0/1051 71/0/1052 160/0/1053
f 132/0/1054 105/0/1055 192/0/1056
f 177/0/1057 158/0/1058 135/0/1059
f 184/0/1060 172/0/1061 185/0/1062
f 184/0/1063 178/0/1064 172/0/1065
f 184/0/1066 147/0/1067 186/0/1068
f 144/0/1069 229/0/1070 180/0/1071
f 230/0/1072 148/0/1073 180/0/1074
f 91/0/1075 145/0/1076 68/0/1077
f 86/0/1078 137/0/1079 162/0/1080
f 186/0/1081 185/0/1082 172/0/1083
f 185/0/1084 186/0/1085 178/0/1086
f 217/0/1087 172/0/1088 147/0/1089
f 186/0/1090 188/0/1091 184/0/1092
f 184/0/1093 195/0/1094 147/0/1095
f 212/0/1096 135/0/1097 169/0/1098
f 178/0/1099 184/0/1100 188/0/1101
f 178/0/1102 188/0/1103 185/0/1104
f 186/0/1105 172/0/1106 217/0/1107
f 69/0/1108 222/0/1109 179/0/1110
f 142/0/1111 190/0/1112 155/0/1113
f 175/0/1114 190/0/1115 187/0/1116
f 117/0/1117 96/0/1118 141/0/1119
f 62/0/1120 198/0/1121 99/0/1122
f 77/0/1123 125/0/1124 121/0/1125
f 122/0/1126 119/0/1127 220/0/1128
f 207/0/1129 229/0/1130 139/0/1131
f 185/0/1132 188/0/1133 195/0/1134
f 186/0/1135 217/0/1136 195/0/1137
f 195/0/1138 188/0/1139 186/0/1140
f 62/0/1141 196/0/1142 197/0/1143
f 62/0/1144 197/0/1145 198/0/1146
f 204/0/1147 197/0/1148 99/0/1149
f 198/0/1150 204/0/1151 99/0/1152
f 80/0/1153 99/0/1154 181/0/1155
f 193/0/1156 199/0/1157 200/0/1158
f 369/0/1159 194/0/1160 193/0/1161
f 194/0/1162 200/0/1163 199/0/1164
f 194/0/1165 369/0/1166 200/0/1167
f 369/0/1168 177/0/1169 171/0/1170
f 98/0/1171 235/0/1172 160/0/1173
f 196/0/1174 205/0/1175 197/0/1176
f 196/0/1177 206/0/1178 205/0/1179
f 196/0/1180 204/0/1181 198/0/1182
f 198/0/1183 197/0/1184 206/0/1185
f 196/0/1186 198/0/1187 206/0/1188
f 200/0/1189 209/0/1190 193/0/1191
f 209/0/1192 369/0/1193 193/0/1194
f 211/0/1195 201/0/1196 200/0/1197
f 369/0/1198 211/0/1199 200/0/1200
f 193/0/1201 201/0/1202 199/0/1203
f 201/0/1204 211/0/1205 199/0/1206
f 194/0/1207 199/0/1208 211/0/1209
f 194/0/1210 171/0/1211 193/0/1212
f 171/0/1213 201/0/1214 193/0/1215
f 211/0/1216 171/0/1217 194/0/1218
f 369/0/1219 171/0/1220 211/0/1221
f 185/0/1222 195/0/1223 184/0/1224
f 256/0/1225 203/0/1226 86/0/1227
f 204/0/1228 196/0/1229 62/0/1230
f 204/0/1231 205/0/1232 206/0/1233
f 204/0/1234 206/0/1235 197/0/1236
f 214/0/1237 216/0/1238 209/0/1239
f 216/0/1240 322/0/1241 209/0/1242
f 208/0/1243 214/0/1244 209/0/1245
f 322/0/1246 210/0/1247 209/0/1248
f 210/0/1249 214/0/1250 208/0/1251
f 210/0/1252 322/0/1253 214/0/1254
f 208/0/1255 201/0/1256 369/0/1257
f 208/0/1258 209/0/1259 201/0/1260
f 210/0/1261 208/0/1262 369/0/1263
f 210/0/1264 369/0/1265 209/0/1266
f 200/0/1267 201/0/1268 209/0/1269
f 224/0/1270 191/0/1271 189/0/1272
f 214/0/1273 369/0/1274 201/0/1275
f 216/0/1276 214/0/1277 201/0/1278
f 322/0/1279 369/0/1280 214/0/1281
f 163/0/1282 138/0/1283 183/0/1284
f 61/0/1285 181/0/1286 220/0/1287
f 201/0/1288 171/0/1289 233/0/1290
f 230/0/1291 171/0/1292 116/0/1293
f 222/0/1294 102/0/1295 215/0/1296
f 62/0/1297 133/0/1298 226/0/1299
f 162/0/1300 137/0/1301 127/0/1302
f 236/0/1303 73/0/1304 176/0/1305
f 187/0/1306 224/0/1307 189/0/1308
f 222/0/1309 215/0/1310 219/0/1311
f 204/0/1312 62/0/1313 205/0/1314
f 201/0/1315 322/0/1316 216/0/1317
f 179/0/1318 222/0/1319 240/0/1320
f 215/0/1321 102/0/1322 223/0/1323
f 99/0/1324 197/0/1325 205/0/1326
f 322/0/1327 176/0/1328 118/0/1329
f 212/0/1330 231/0/1331 135/0/1332
f 201/0/1333 176/0/1334 322/0/1335
f 142/0/1336 202/0/1337 218/0/1338
f 202/0/1339 336/0/1340 218/0/1341
f 232/0/1342 168/0/1343 191/0/1344
f 157/0/1345 168/0/1346 252/0/1347
f 213/0/1348 107/0/1349 146/0/1350
f 238/0/1351 223/0/1352 102/0/1353
f 57/0/1354 68/0/1355 227/0/1356
f 105/0/1357 160/0/1358 263/0/1359
f 201/0/1360 273/0/1361 176/0/1362
f 177/0/1363 369/0/1364 163/0/1365
f 233/0/1366 171/0/1367 230/0/1368
f 102/0/1369 117/0/1370 225/0/1371
f 225/0/1372 141/0/1373 258/0/1374
f 205/0/1375 62/0/1376 226/0/1377
f 273/0/1378 236/0/1379 176/0/1380
f 118/0/1381 138/0/1382 326/0/1383
f 182/0/1384 136/0/1385 265/0/1386
f 142/0/1387 218/0/1388 310/0/1389
f 310/0/1390 190/0/1391 142/0/1392
f 266/0/1393 86/0/1394 162/0/1395
f 212/0/1396 169/0/1397 221/0/1398
f 195/0/1399 136/0/1400 147/0/1401
f 133/0/1402 57/0/1403 227/0/1404
f 149/0/1405 203/0/1406 268/0/1407
f 218/0/1408 234/0/1409 237/0/1410
f 310/0/1411 218/0/1412 237/0/1413
f 117/0/1414 141/0/1415 225/0/1416
f 203/0/1417 239/0/1418 268/0/1419
f 228/0/1420 134/0/1421 150/0/1422
f 322/0/1423 118/0/1424 326/0/1425
f 335/0/1426 207/0/1427 77/0/1428
f 229/0/1429 207/0/1430 335/0/1431
f 316/0/1432 122/0/1433 220/0/1434
f 242/0/1435 234/0/1436 218/0/1437
f 241/0/1438 234/0/1439 242/0/1440
f 240/0/1441 222/0/1442 270/0/1443
f 227/0/1444 68/0/1445 259/0/1446
f 177/0/1447 163/0/1448 183/0/1449
f 177/0/1450 170/0/1451 158/0/1452
f 244/0/1453 242/0/1454 218/0/1455
f 244/0/1456 310/0/1457 242/0/1458
f 241/0/1459 242/0/1460 245/0/1461
f 242/0/1462 237/0/1463 245/0/1464
f 242/0/1465 310/0/1466 237/0/1467
f 237/0/1468 234/0/1469 245/0/1470
f 232/0/1471 191/0/1472 251/0/1473
f 238/0/1474 102/0/1475 225/0/1476
f 239/0/1477 243/0/1478 268/0/1479
f 239/0/1480 203/0/1481 246/0/1482
f 246/0/1483 247/0/1484 239/0/1485
f 243/0/1486 239/0/1487 247/0/1488
f 273/0/1489 201/0/1490 233/0/1491
f 241/0/1492 245/0/1493 244/0/1494
f 310/0/1495 244/0/1496 245/0/1497
f 241/0/1498 244/0/1499 250/0/1500
f 234/0/1501 241/0/1502 250/0/1503
f 234/0/1504 250/0/1505 245/0/1506
f 250/0/1507 310/0/1508 245/0/1509
f 270/0/1510 222/0/1511 219/0/1512
f 146/0/1513 157/0/1514 255/0/1515
f 256/0/1516 243/0/1517 203/0/1518
f 246/0/1519 203/0/1520 243/0/1521
f 246/0/1522 243/0/1523 253/0/1524
f 243/0/1525 247/0/1526 253/0/1527
f 316/0/1528 127/0/1529 122/0/1530
f 326/0/1531 138/0/1532 163/0/1533
f 183/0/1534 231/0/1535 221/0/1536
f 169/0/1537 170/0/1538 221/0/1539
f 260/0/1540 179/0/1541 240/0/1542
f 255/0/1543 213/0/1544 146/0/1545
f 256/0/1546 86/0/1547 266/0/1548
f 243/0/1549 248/0/1550 268/0/1551
f 248/0/1552 243/0/1553 256/0/1554
f 246/0/1555 253/0/1556 248/0/1557
f 256/0/1558 246/0/1559 248/0/1560
f 247/0/1561 246/0/1562 256/0/1563
f 247/0/1564 248/0/1565 253/0/1566
f 227/0/1567 259/0/1568 277/0/1569
f 231/0/1570 212/0/1571 221/0/1572
f 177/0/1573 183/0/1574 221/0/1575
f 339/0/1576 254/0/1577 182/0/1578
f 252/0/1579 257/0/1580 157/0/1581
f 256/0/1582 262/0/1583 247/0/1584
f 77/0/1585 121/0/1586 545/0/1587
f 328/0/1588 238/0/1589 225/0/1590
f 267/0/1591 88/0/1592 149/0/1593
f 256/0/1594 268/0/1595 262/0/1596
f 256/0/1597 266/0/1598 268/0/1599
f 248/0/1600 262/0/1601 268/0/1602
f 248/0/1603 269/0/1604 262/0/1605
f 247/0/1606 269/0/1607 248/0/1608
f 105/0/1609 263/0/1610 192/0/1611
f 260/0/1612 240/0/1613 270/0/1614
f 268/0/1615 266/0/1616 269/0/1617
f 269/0/1618 266/0/1619 262/0/1620
f 266/0/1621 247/0/1622 262/0/1623
f 353/0/1624 265/0/1625 136/0/1626
f 182/0/1627 265/0/1628 339/0/1629
f 230/0/1630 180/0/1631 317/0/1632
f 251/0/1633 191/0/1634 224/0/1635
f 258/0/1636 141/0/1637 213/0/1638
f 298/0/1639 88/0/1640 267/0/1641
f 340/0/1642 268/0/1643 269/0/1644
f 340/0/1645 247/0/1646 266/0/1647
f 269/0/1648 247/0/1649 340/0/1650
f 272/0/1651 227/0/1652 277/0/1653
f 99/0/1654 205/0/1655 181/0/1656
f 225/0/1657 258/0/1658 261/0/1659
f 298/0/1660 235/0/1661 88/0/1662
f 335/0/1663 77/0/1664 545/0/1665
f 249/0/1666 136/0/1667 195/0/1668
f 170/0/1669 177/0/1670 221/0/1671
f 255/0/1672 157/0/1673 257/0/1674
f 325/0/1675 133/0/1676 227/0/1677
f 274/0/1678 121/0/1679 92/0/1680
f 274/0/1681 92/0/1682 179/0/1683
f 254/0/1684 339/0/1685 318/0/1686
f 226/0/1687 279/0/1688 278/0/1689
f 226/0/1690 278/0/1691 205/0/1692
f 280/0/1693 279/0/1694 226/0/1695
f 280/0/1696 281/0/1697 279/0/1698
f 220/0/1699 181/0/1700 264/0/1701
f 179/0/1702 260/0/1703 323/0/1704
f 202/0/1705 282/0/1706 254/0/1707
f 254/0/1708 282/0/1709 182/0/1710
f 223/0/1711 297/0/1712 215/0/1713
f 223/0/1714 238/0/1715 297/0/1716
f 261/0/1717 328/0/1718 225/0/1719
f 299/0/1720 259/0/1721 68/0/1722
f 286/0/1723 277/0/1724 259/0/1725
f 145/0/1726 134/0/1727 228/0/1728
f 287/0/1729 280/0/1730 226/0/1731
f 315/0/1732 287/0/1733 226/0/1734
f 287/0/1735 278/0/1736 279/0/1737
f 287/0/1738 315/0/1739 278/0/1740
f 279/0/1741 205/0/1742 287/0/1743
f 276/0/1744 205/0/1745 279/0/1746
f 279/0/1747 281/0/1748 288/0/1749
f 181/0/1750 205/0/1751 289/0/1752
f 295/0/1753 202/0/1754 182/0/1755
f 182/0/1756 282/0/1757 295/0/1758
f 297/0/1759 270/0/1760 219/0/1761
f 215/0/1762 297/0/1763 219/0/1764
f 325/0/1765 227/0/1766 285/0/1767
f 283/0/1768 259/0/1769 299/0/1770
f 227/0/1771 272/0/1772 284/0/1773
f 292/0/1774 290/0/1775 291/0/1776
f 291/0/1777 290/0/1778 286/0/1779
f 277/0/1780 286/0/1781 290/0/1782
f 287/0/1783 205/0/1784 288/0/1785
f 205/0/1786 315/0/1787 288/0/1788
f 280/0/1789 287/0/1790 288/0/1791
f 279/0/1792 288/0/1793 315/0/1794
f 293/0/1795 276/0/1796 279/0/1797
f 276/0/1798 288/0/1799 281/0/1800
f 288/0/1801 276/0/1802 293/0/1803
f 276/0/1804 281/0/1805 280/0/1806
f 205/0/1807 276/0/1808 280/0/1809
f 545/0/1810 121/0/1811 324/0/1812
f 132/0/1813 275/0/1814 217/0/1815
f 323/0/1816 274/0/1817 179/0/1818
f 180/0/1819 229/0/1820 317/0/1821
f 294/0/1822 202/0/1823 295/0/1824
f 294/0/1825 282/0/1826 202/0/1827
f 295/0/1828 296/0/1829 254/0/1830
f 318/0/1831 295/0/1832 254/0/1833
f 224/0/1834 187/0/1835 251/0/1836
f 337/0/1837 251/0/1838 187/0/1839
f 259/0/1840 283/0/1841 300/0/1842
f 149/0/1843 268/0/1844 340/0/1845
f 259/0/1846 300/0/1847 284/0/1848
f 284/0/1849 299/0/1850 302/0/1851
f 284/0/1852 283/0/1852 299/0/1852
f 301/0/1853 284/0/1854 300/0/1855
f 284/0/1856 301/0/1857 283/0/1858
f 312/0/1859 284/0/1860 302/0/1861
f 285/0/1862 277/0/1863 303/0/1864
f 272/0/1865 277/0/1866 285/0/1867
f 304/0/1868 290/0/1869 272/0/1870
f 277/0/1871 290/0/1872 304/0/1873
f 284/0/1874 272/0/1875 290/0/1876
f 292/0/1877 305/0/1878 290/0/1879
f 306/0/1880 305/0/1881 291/0/1882
f 306/0/1883 290/0/1884 305/0/1885
f 286/0/1886 306/0/1887 291/0/1888
f 315/0/1889 205/0/1890 278/0/1891
f 280/0/1892 288/0/1893 293/0/1894
f 293/0/1895 205/0/1896 280/0/1897
f 127/0/1898 316/0/1899 327/0/1900
f 181/0/1901 289/0/1902 264/0/1903
f 132/0/1904 192/0/1905 275/0/1906
f 282/0/1907 296/0/1908 295/0/1909
f 294/0/1910 296/0/1911 282/0/1912
f 309/0/1913 295/0/1914 318/0/1915
f 318/0/1916 296/0/1917 309/0/1918
f 336/0/1919 254/0/1920 296/0/1921
f 336/0/1922 296/0/1923 308/0/1924
f 308/0/1925 296/0/1926 318/0/1927
f 283/0/1928 311/0/1929 300/0/1930
f 302/0/1931 283/0/1932 301/0/1933
f 302/0/1934 311/0/1935 283/0/1936
f 302/0/1937 300/0/1938 312/0/1939
f 300/0/1940 302/0/1941 301/0/1942
f 311/0/1943 302/0/1944 299/0/1945
f 277/0/1946 313/0/1947 303/0/1948
f 285/0/1949 313/0/1950 272/0/1951
f 313/0/1952 314/0/1953 304/0/1954
f 272/0/1955 313/0/1956 304/0/1957
f 313/0/1958 277/0/1959 314/0/1960
f 277/0/1961 304/0/1962 292/0/1963
f 277/0/1964 292/0/1965 314/0/1966
f 291/0/1967 305/0/1968 321/0/1969
f 290/0/1970 306/0/1971 284/0/1972
f 284/0/1973 306/0/1974 321/0/1975
f 306/0/1976 286/0/1977 321/0/1978
f 259/0/1979 307/0/1980 286/0/1981
f 338/0/1982 150/0/1983 236/0/1984
f 233/0/1985 289/0/1986 273/0/1987
f 220/0/1988 264/0/1989 317/0/1990
f 254/0/1991 336/0/1992 202/0/1993
f 296/0/1994 294/0/1995 309/0/1996
f 308/0/1997 295/0/1998 309/0/1999
f 294/0/2000 295/0/2001 308/0/2002
f 336/0/2003 308/0/2004 309/0/2005
f 244/0/2006 218/0/2007 250/0/2008
f 261/0/2009 238/0/2010 328/0/2011
f 311/0/2012 312/0/2013 300/0/2014
f 313/0/2015 285/0/2016 320/0/2017
f 303/0/2018 313/0/2019 320/0/2020
f 314/0/2021 320/0/2022 304/0/2023
f 320/0/2024 285/0/2025 304/0/2026
f 320/0/2027 321/0/2028 286/0/2029
f 259/0/2030 284/0/2031 307/0/2032
f 326/0/2033 331/0/2034 322/0/2035
f 353/0/2036 136/0/2037 249/0/2038
f 265/0/2039 353/0/2040 339/0/2041
f 318/0/2042 294/0/2043 308/0/2044
f 294/0/2045 336/0/2046 309/0/2047
f 294/0/2048 318/0/2049 336/0/2050
f 226/0/2051 133/0/2052 271/0/2053
f 292/0/2054 320/0/2055 314/0/2056
f 285/0/2057 321/0/2058 292/0/2059
f 304/0/2060 285/0/2061 292/0/2062
f 320/0/2063 291/0/2064 321/0/2065
f 218/0/2066 336/0/2067 250/0/2068
f 319/0/2069 321/0/2070 285/0/2071
f 305/0/2072 292/0/2073 321/0/2074
f 284/0/2075 321/0/2076 307/0/2077
f 264/0/2078 289/0/2079 233/0/2080
f 317/0/2081 233/0/2082 230/0/2083
f 317/0/2084 316/0/2085 220/0/2086
f 195/0/2087 217/0/2088 323/0/2089
f 252/0/2090 168/0/2091 232/0/2092
f 285/0/2093 227/0/2094 319/0/2095
f 320/0/2096 292/0/2097 291/0/2098
f 160/0/2099 235/0/2100 366/0/2101
f 279/0/2102 315/0/2103 293/0/2104
f 264/0/2105 233/0/2106 317/0/2107
f 317/0/2108 229/0/2109 316/0/2110
f 145/0/2111 228/0/2112 334/0/2113
f 319/0/2114 307/0/2115 321/0/2116
f 289/0/2117 351/0/2118 273/0/2119
f 336/0/2120 318/0/2121 339/0/2122
f 149/0/2123 340/0/2124 267/0/2125
f 320/0/2126 307/0/2127 319/0/2128
f 320/0/2129 286/0/2130 307/0/2131
f 372/0/2132 326/0/2133 163/0/2134
f 217/0/2135 275/0/2136 323/0/2137
f 250/0/2138 336/0/2139 413/0/2140
f 358/0/2141 260/0/2142 270/0/2143
f 297/0/2144 358/0/2145 270/0/2146
f 334/0/2147 299/0/2148 145/0/2149
f 227/0/2150 284/0/2151 312/0/2152
f 345/0/2153 315/0/2154 226/0/2155
f 326/0/2156 334/0/2157 228/0/2158
f 310/0/2159 250/0/2160 370/0/2161
f 258/0/2162 213/0/2163 255/0/2164
f 133/0/2165 325/0/2166 271/0/2167
f 368/0/2168 299/0/2169 416/0/2170
f 330/0/2171 285/0/2172 346/0/2173
f 320/0/2174 319/0/2175 303/0/2176
f 121/0/2177 274/0/2178 324/0/2179
f 372/0/2180 163/0/2181 369/0/2182
f 353/0/2183 332/0/2184 339/0/2185
f 261/0/2186 297/0/2187 238/0/2188
f 303/0/2189 346/0/2190 285/0/2191
f 127/0/2192 327/0/2193 162/0/2194
f 228/0/2195 150/0/2196 338/0/2197
f 236/0/2198 273/0/2199 351/0/2200
f 236/0/2201 351/0/2202 338/0/2203
f 232/0/2204 251/0/2205 337/0/2206
f 319/0/2207 325/0/2208 303/0/2209
f 330/0/2210 325/0/2211 285/0/2212
f 325/0/2213 330/0/2214 303/0/2215
f 263/0/2216 352/0/2217 192/0/2218
f 229/0/2219 383/0/2220 316/0/2221
f 319/0/2222 341/0/2223 325/0/2224
f 368/0/2225 311/0/2226 299/0/2227
f 341/0/2228 303/0/2229 330/0/2230
f 341/0/2231 346/0/2232 303/0/2233
f 347/0/2234 330/0/2235 346/0/2236
f 347/0/2237 341/0/2238 330/0/2239
f 342/0/2240 343/0/2241 345/0/2242
f 342/0/2243 345/0/2244 344/0/2245
f 329/0/2246 353/0/2247 249/0/2248
f 336/0/2249 339/0/2250 332/0/2251
f 310/0/2252 358/0/2253 297/0/2254
f 319/0/2255 346/0/2256 341/0/2257
f 341/0/2258 347/0/2259 325/0/2260
f 343/0/2261 348/0/2262 349/0/2263
f 343/0/2264 342/0/2265 348/0/2266
f 349/0/2267 342/0/2268 344/0/2269
f 343/0/2270 349/0/2271 344/0/2272
f 350/0/2273 356/0/2274 343/0/2274
f 356/0/2275 345/0/2276 343/0/2277
f 344/0/2278 350/0/2279 343/0/2280
f 350/0/2281 344/0/2282 345/0/2283
f 326/0/2284 228/0/2285 331/0/2286
f 323/0/2287 260/0/2288 358/0/2289
f 348/0/2290 356/0/2291 349/0/2292
f 350/0/2293 349/0/2294 356/0/2295
f 358/0/2296 310/0/2297 355/0/2298
f 373/0/2299 354/0/2300 255/0/2301
f 258/0/2302 354/0/2303 261/0/2304
f 267/0/2305 340/0/2306 266/0/2307
f 266/0/2308 162/0/2309 367/0/2310
f 346/0/2311 325/0/2312 347/0/2313
f 342/0/2314 350/0/2315 348/0/2316
f 350/0/2317 342/0/2318 349/0/2319
f 331/0/2320 228/0/2321 338/0/2322
f 229/0/2323 335/0/2324 383/0/2325
f 466/0/2326 274/0/2327 323/0/2328
f 190/0/2329 310/0/2330 433/0/2331
f 373/0/2332 255/0/2333 257/0/2334
f 351/0/2335 289/0/2336 357/0/2337
f 275/0/2338 466/0/2339 323/0/2340
f 370/0/2341 250/0/2342 413/0/2343
f 271/0/2344 325/0/2345 346/0/2346
f 367/0/2347 162/0/2348 327/0/2349
f 289/0/2350 205/0/2351 357/0/2352
f 354/0/2353 258/0/2354 255/0/2355
f 261/0/2356 354/0/2357 297/0/2358
f 319/0/2359 227/0/2360 312/0/2361
f 395/0/2362 336/0/2363 332/0/2364
f 310/0/2365 297/0/2366 433/0/2367
f 384/0/2368 337/0/2369 187/0/2370
f 257/0/2371 252/0/2372 374/0/2373
f 368/0/2374 312/0/2375 311/0/2376
f 226/0/2377 364/0/2378 345/0/2379
f 433/0/2380 333/0/2381 187/0/2382
f 366/0/2383 235/0/2384 298/0/2385
f 263/0/2386 160/0/2387 366/0/2388
f 355/0/2389 323/0/2390 358/0/2391
f 389/0/2392 232/0/2393 337/0/2394
f 346/0/2395 319/0/2396 361/0/2397
f 319/0/2398 271/0/2398 361/0/2399
f 319/0/2400 368/0/2401 271/0/2402
f 362/0/2403 368/0/2404 319/0/2405
f 312/0/2406 362/0/2407 319/0/2408
f 350/0/2409 345/0/2410 359/0/2411
f 356/0/2412 365/0/2413 345/0/2414
f 275/0/2415 192/0/2416 352/0/2417
f 384/0/2418 187/0/2419 333/0/2420
f 252/0/2421 232/0/2422 389/0/2423
f 361/0/2424 368/0/2425 346/0/2426
f 362/0/2427 361/0/2428 271/0/2429
f 346/0/2430 362/0/2431 271/0/2432
f 362/0/2433 346/0/2434 368/0/2435
f 359/0/2436 348/0/2437 350/0/2438
f 332/0/2439 353/0/2440 360/0/2441
f 373/0/2442 257/0/2443 374/0/2444
f 361/0/2445 362/0/2446 312/0/2447
f 361/0/2448 312/0/2449 368/0/2450
f 335/0/2451 427/0/2452 383/0/2453
f 310/0/2454 370/0/2455 355/0/2456
f 374/0/2457 252/0/2458 389/0/2459
f 331/0/2460 338/0/2461 424/0/2462
f 352/0/2463 263/0/2464 366/0/2465
f 316/0/2466 383/0/2467 327/0/2468
f 336/0/2469 395/0/2470 413/0/2471
f 315/0/2472 345/0/2473 293/0/2474
f 249/0/2475 195/0/2476 323/0/2477
f 433/0/2478 187/0/2479 190/0/2480
f 267/0/2481 266/0/2482 367/0/2483
f 299/0/2484 334/0/2485 416/0/2486
f 271/0/2487 375/0/2488 386/0/2489
f 348/0/2490 363/0/2491 356/0/2492
f 226/0/2493 271/0/2494 386/0/2495
f 364/0/2496 359/0/2497 378/0/2498
f 359/0/2499 364/0/2500 375/0/2501
f 364/0/2502 379/0/2503 375/0/2504
f 364/0/2505 380/0/2506 379/0/2507
f 378/0/2508 345/0/2509 364/0/2510
f 367/0/2511 327/0/2512 376/0/2513
f 377/0/2514 345/0/2515 380/0/2516
f 359/0/2517 379/0/2518 378/0/2519
f 359/0/2520 377/0/2521 379/0/2522
f 377/0/2523 375/0/2524 379/0/2525
f 379/0/2526 380/0/2527 378/0/2528
f 380/0/2529 345/0/2530 378/0/2531
f 380/0/2532 386/0/2533 377/0/2534
f 386/0/2535 364/0/2536 226/0/2537
f 274/0/2538 466/0/2539 324/0/2540
f 387/0/2541 473/0/2542 371/0/2543
f 363/0/2544 348/0/2545 359/0/2546
f 377/0/2547 359/0/2548 345/0/2549
f 364/0/2550 386/0/2551 380/0/2552
f 386/0/2553 375/0/2554 377/0/2555
f 376/0/2556 327/0/2557 410/0/2558
f 365/0/2559 293/0/2560 345/0/2561
f 335/0/2562 545/0/2563 427/0/2564
f 395/0/2565 332/0/2566 360/0/2567
f 388/0/2568 385/0/2569 367/0/2570
f 369/0/2571 322/0/2572 424/0/2573
f 393/0/2574 376/0/2575 392/0/2576
f 394/0/2577 392/0/2578 376/0/2579
f 322/0/2580 331/0/2581 424/0/2582
f 249/0/2583 323/0/2584 355/0/2585
f 367/0/2586 385/0/2587 390/0/2588
f 421/0/2589 267/0/2590 367/0/2591
f 390/0/2592 385/0/2593 396/0/2594
f 396/0/2595 415/0/2596 390/0/2597
f 396/0/2598 391/0/2599 415/0/2600
f 385/0/2601 398/0/2602 409/0/2603
f 396/0/2604 385/0/2605 409/0/2606
f 409/0/2607 399/0/2608 396/0/2609
f 399/0/2610 388/0/2611 396/0/2611
f 385/0/2612 399/0/2613 398/0/2614
f 399/0/2615 385/0/2616 388/0/2615
f 388/0/2617 397/0/2618 398/0/2619
f 398/0/2620 399/0/2621 400/0/2622
f 388/0/2623 398/0/2624 400/0/2625
f 396/0/2626 388/0/2627 400/0/2628
f 400/0/2629 401/0/2630 396/0/2631
f 401/0/2632 367/0/2633 396/0/2633
f 367/0/2634 401/0/2635 388/0/2636
f 391/0/2637 367/0/2638 376/0/2639
f 391/0/2640 396/0/2641 367/0/2642
f 415/0/2643 391/0/2644 402/0/2645
f 402/0/2646 376/0/2647 410/0/2648
f 376/0/2649 388/0/2650 401/0/2651
f 391/0/2652 401/0/2653 403/0/2654
f 402/0/2655 391/0/2656 403/0/2657
f 391/0/2658 376/0/2658 401/0/2658
f 403/0/2659 376/0/2660 402/0/2660
f 397/0/2661 392/0/2662 404/0/2663
f 409/0/2664 397/0/2665 404/0/2666
f 397/0/2667 393/0/2668 392/0/2669
f 393/0/2670 388/0/2671 409/0/2672
f 404/0/2673 393/0/2674 409/0/2675
f 393/0/2676 397/0/2677 388/0/2678
f 404/0/2679 376/0/2680 393/0/2681
f 409/0/2682 388/0/2683 394/0/2684
f 388/0/2685 376/0/2686 404/0/2687
f 404/0/2688 392/0/2689 394/0/2690
f 404/0/2691 394/0/2692 388/0/2693
f 406/0/2694 367/0/2695 390/0/2696
f 390/0/2697 407/0/2698 406/0/2699
f 407/0/2700 390/0/2701 408/0/2702
f 407/0/2703 408/0/2704 415/0/2705
f 409/0/2706 408/0/2707 390/0/2708
f 390/0/2709 400/0/2710 409/0/2711
f 400/0/2712 390/0/2713 415/0/2714
f 411/0/2715 410/0/2716 415/0/2717
f 397/0/2718 409/0/2719 398/0/2720
f 409/0/2721 400/0/2722 399/0/2723
f 400/0/2724 415/0/2725 401/0/2726
f 408/0/2727 418/0/2728 415/0/2729
f 415/0/2730 418/0/2731 401/0/2732
f 411/0/2733 415/0/2734 402/0/2735
f 411/0/2736 402/0/2737 418/0/2738
f 402/0/2739 401/0/2740 418/0/2741
f 402/0/2742 412/0/2743 401/0/2744
f 412/0/2745 410/0/2746 411/0/2747
f 418/0/2748 412/0/2749 411/0/2750
f 412/0/2751 402/0/2752 410/0/2753
f 401/0/2754 412/0/2755 403/0/2756
f 376/0/2757 409/0/2758 394/0/2759
f 412/0/2760 409/0/2761 376/0/2762
f 351/0/2763 382/0/2764 438/0/2765
f 414/0/2766 433/0/2767 297/0/2768
f 406/0/2769 407/0/2770 409/0/2771
f 409/0/2772 407/0/2773 417/0/2774
f 415/0/2775 406/0/2776 417/0/2777
f 415/0/2778 417/0/2779 407/0/2780
f 409/0/2781 417/0/2782 408/0/2783
f 408/0/2784 417/0/2785 418/0/2786
f 412/0/2787 376/0/2788 403/0/2789
f 353/0/2790 329/0/2791 459/0/2792
f 410/0/2793 406/0/2794 415/0/2795
f 419/0/2796 417/0/2797 406/0/2798
f 406/0/2799 409/0/2800 420/0/2801
f 417/0/2802 419/0/2803 420/0/2804
f 420/0/2805 412/0/2806 417/0/2807
f 419/0/2808 422/0/2809 420/0/2810
f 422/0/2811 419/0/2812 418/0/2813
f 423/0/2814 422/0/2815 412/0/2816
f 422/0/2817 417/0/2818 412/0/2819
f 422/0/2820 418/0/2821 417/0/2822
f 412/0/2823 418/0/2824 423/0/2825
f 420/0/2826 409/0/2827 412/0/2828
f 351/0/2829 428/0/2830 381/0/2831
f 405/0/2832 326/0/2833 372/0/2834
f 352/0/2835 466/0/2836 275/0/2837
f 414/0/2838 297/0/2839 354/0/2840
f 414/0/2841 354/0/2842 373/0/2843
f 406/0/2844 420/0/2845 422/0/2846
f 423/0/2847 406/0/2848 422/0/2849
f 419/0/2850 406/0/2851 423/0/2852
f 423/0/2853 418/0/2854 419/0/2855
f 416/0/2856 334/0/2857 479/0/2858
f 460/0/2859 373/0/2860 374/0/2861
f 271/0/2862 368/0/2863 416/0/2864
f 405/0/2865 334/0/2866 326/0/2867
f 383/0/2868 427/0/2869 435/0/2870
f 413/0/2871 395/0/2872 360/0/2873
f 298/0/2874 267/0/2875 425/0/2876
f 370/0/2877 249/0/2878 355/0/2879
f 389/0/2880 337/0/2881 384/0/2882
f 428/0/2883 351/0/2884 438/0/2885
f 327/0/2886 383/0/2887 597/0/2888
f 351/0/2889 357/0/2890 382/0/2891
f 360/0/2892 353/0/2893 459/0/2894
f 367/0/2895 406/0/2896 421/0/2897
f 432/0/2898 505/0/2899 431/0/2900
f 432/0/2901 436/0/2902 505/0/2903
f 437/0/2904 436/0/2905 432/0/2906
f 439/0/2907 437/0/2908 432/0/2909
f 371/0/2910 473/0/2911 582/0/2912
f 429/0/2913 370/0/2914 413/0/2915
f 366/0/2916 298/0/2917 426/0/2918
f 514/0/2919 351/0/2920 381/0/2921
f 431/0/2922 505/0/2923 438/0/2924
f 438/0/2925 436/0/2926 431/0/2927
f 436/0/2928 437/0/2929 431/0/2930
f 431/0/2931 437/0/2932 441/0/2933
f 431/0/2934 441/0/2935 432/0/2936
f 441/0/2937 439/0/2938 432/0/2939
f 426/0/2940 298/0/2941 425/0/2942
f 514/0/2943 381/0/2944 434/0/2945
f 436/0/2946 439/0/2947 505/0/2948
f 439/0/2949 436/0/2950 438/0/2951
f 439/0/2952 438/0/2953 437/0/2954
f 442/0/2955 450/0/2956 445/0/2957
f 442/0/2958 445/0/2959 465/0/2960
f 444/0/2961 443/0/2962 454/0/2963
f 446/0/2964 454/0/2965 443/0/2966
f 430/0/2967 356/0/2968 363/0/2969
f 505/0/2970 434/0/2971 438/0/2972
f 441/0/2973 505/0/2974 439/0/2975
f 441/0/2976 437/0/2977 438/0/2978
f 443/0/2979 442/0/2980 357/0/2981
f 443/0/2982 357/0/2983 450/0/2984
f 442/0/2985 443/0/2986 444/0/2987
f 444/0/2988 450/0/2989 442/0/2990
f 448/0/2991 442/0/2992 465/0/2993
f 446/0/2994 443/0/2995 450/0/2996
f 444/0/2997 446/0/2998 450/0/2999
f 444/0/3000 454/0/3001 451/0/3002
f 451/0/3003 452/0/3004 444/0/3005
f 451/0/3006 454/0/3007 453/0/3008
f 454/0/3009 457/0/3010 453/0/3011
f 384/0/3012 333/0/3013 460/0/3014
f 293/0/3015 365/0/3016 476/0/3017
f 352/0/3018 366/0/3019 463/0/3020
f 577/0/3021 205/0/3022 293/0/3023
f 545/0/3024 324/0/3025 440/0/3026
f 382/0/3027 357/0/3028 442/0/3029
f 449/0/3030 382/0/3031 442/0/3032
f 382/0/3033 449/0/3034 448/0/3035
f 382/0/3036 448/0/3037 465/0/3038
f 450/0/3039 464/0/3040 445/0/3041
f 446/0/3042 444/0/3043 452/0/3044
f 457/0/3045 452/0/3046 451/0/3047
f 446/0/3048 457/0/3049 451/0/3050
f 457/0/3051 446/0/3052 458/0/3053
f 451/0/3054 453/0/3055 446/0/3056
f 458/0/3057 453/0/3058 457/0/3059
f 452/0/3060 457/0/3061 387/0/3062
f 387/0/3063 457/0/3064 454/0/3065
f 447/0/3066 267/0/3067 421/0/3068
f 267/0/3069 447/0/3070 425/0/3071
f 327/0/3072 480/0/3073 410/0/3074
f 456/0/3075 461/0/3076 462/0/3077
f 577/0/3078 357/0/3079 205/0/3080
f 442/0/3081 464/0/3082 449/0/3083
f 464/0/3084 448/0/3085 445/0/3086
f 464/0/3087 442/0/3088 448/0/3089
f 449/0/3090 465/0/3091 445/0/3092
f 448/0/3093 449/0/3094 445/0/3095
f 449/0/3096 464/0/3097 465/0/3098
f 452/0/3099 458/0/3100 446/0/3101
f 458/0/3102 452/0/3103 453/0/3104
f 387/0/3105 453/0/3106 452/0/3107
f 453/0/3108 387/0/3109 446/0/3110
f 473/0/3111 387/0/3112 357/0/3113
f 605/0/3114 371/0/3115 582/0/3116
f 429/0/3117 413/0/3118 360/0/3119
f 375/0/3120 271/0/3121 455/0/3122
f 365/0/3123 356/0/3124 430/0/3125
f 608/0/3126 435/0/3127 427/0/3128
f 338/0/3129 351/0/3130 509/0/3131
f 468/0/3132 467/0/3133 461/0/3134
f 478/0/3135 456/0/3136 441/0/3137
f 461/0/3138 456/0/3139 468/0/3140
f 435/0/3141 597/0/3142 383/0/3143
f 462/0/3144 469/0/3145 456/0/3146
f 450/0/3147 357/0/3148 464/0/3149
f 249/0/3150 370/0/3151 329/0/3152
f 429/0/3153 474/0/3154 370/0/3155
f 363/0/3156 359/0/3157 375/0/3158
f 428/0/3159 471/0/3160 381/0/3161
f 441/0/3162 438/0/3163 461/0/3164
f 441/0/3165 461/0/3166 467/0/3167
f 456/0/3168 472/0/3169 441/0/3170
f 468/0/3171 462/0/3172 467/0/3173
f 462/0/3174 438/0/3175 467/0/3176
f 462/0/3177 461/0/3178 438/0/3179
f 467/0/3180 478/0/3181 441/0/3182
f 456/0/3183 478/0/3184 468/0/3185
f 478/0/3186 462/0/3187 468/0/3188
f 464/0/3189 382/0/3190 465/0/3191
f 464/0/3192 357/0/3193 446/0/3194
f 454/0/3195 357/0/3196 387/0/3197
f 460/0/3198 374/0/3199 389/0/3200
f 514/0/3201 509/0/3202 351/0/3203
f 471/0/3204 428/0/3205 434/0/3206
f 438/0/3207 477/0/3208 428/0/3209
f 478/0/3210 467/0/3211 438/0/3212
f 462/0/3213 478/0/3214 469/0/3215
f 454/0/3216 446/0/3217 357/0/3218
f 605/0/3219 387/0/3220 371/0/3221
f 433/0/3222 460/0/3223 333/0/3224
f 406/0/3225 410/0/3226 611/0/3227
f 327/0/3228 597/0/3229 480/0/3230
f 477/0/3231 434/0/3232 428/0/3233
f 505/0/3234 441/0/3235 512/0/3236
f 438/0/3237 484/0/3238 483/0/3239
f 438/0/3240 472/0/3241 484/0/3242
f 382/0/3243 481/0/3244 438/0/3245
f 472/0/3246 456/0/3247 484/0/3248
f 469/0/3249 478/0/3250 382/0/3251
f 440/0/3252 324/0/3253 466/0/3254
f 474/0/3255 329/0/3256 370/0/3257
f 479/0/3258 334/0/3259 405/0/3260
f 486/0/3261 471/0/3262 434/0/3263
f 486/0/3264 434/0/3265 381/0/3266
f 608/0/3267 427/0/3268 545/0/3269
f 471/0/3270 477/0/3271 501/0/3272
f 477/0/3273 471/0/3274 486/0/3275
f 477/0/3276 488/0/3277 434/0/3278
f 438/0/3279 487/0/3280 477/0/3281
f 488/0/3282 438/0/3283 434/0/3284
f 438/0/3285 489/0/3286 487/0/3287
f 489/0/3288 438/0/3289 490/0/3290
f 490/0/3291 438/0/3292 488/0/3293
f 489/0/3294 490/0/3295 491/0/3296
f 491/0/3297 490/0/3298 492/0/3299
f 491/0/3300 493/0/3301 494/0/3302
f 482/0/3303 493/0/3304 491/0/3305
f 482/0/3306 491/0/3307 492/0/3308
f 494/0/3309 493/0/3310 481/0/3311
f 493/0/3312 438/0/3313 481/0/3314
f 493/0/3315 482/0/3316 438/0/3317
f 478/0/3318 438/0/3319 483/0/3320
f 482/0/3321 472/0/3322 438/0/3323
f 478/0/3324 481/0/3325 382/0/3326
f 483/0/3327 484/0/3328 469/0/3329
f 483/0/3330 469/0/3331 382/0/3332
f 495/0/3333 469/0/3334 484/0/3335
f 484/0/3336 456/0/3337 485/0/3338
f 485/0/3339 469/0/3340 496/0/3341
f 496/0/3342 469/0/3343 495/0/3344
f 484/0/3345 485/0/3346 496/0/3347
f 387/0/3348 497/0/3349 446/0/3350
f 414/0/3351 373/0/3352 460/0/3353
f 421/0/3354 406/0/3355 611/0/3356
f 366/0/3357 426/0/3358 463/0/3359
f 498/0/3360 501/0/3361 500/0/3362
f 381/0/3363 471/0/3364 500/0/3365
f 381/0/3366 500/0/3367 501/0/3367
f 501/0/3368 486/0/3369 381/0/3370
f 477/0/3371 487/0/3372 501/0/3373
f 477/0/3374 486/0/3375 488/0/3376
f 494/0/3377 489/0/3378 491/0/3379
f 494/0/3380 488/0/3381 489/0/3382
f 490/0/3383 494/0/3384 492/0/3385
f 494/0/3386 490/0/3387 488/0/3388
f 482/0/3389 492/0/3390 494/0/3391
f 482/0/3392 494/0/3393 481/0/3394
f 481/0/3395 478/0/3396 483/0/3397
f 483/0/3398 472/0/3399 482/0/3400
f 481/0/3401 483/0/3402 482/0/3403
f 495/0/3404 472/0/3405 483/0/3406
f 495/0/3407 382/0/3408 496/0/3409
f 382/0/3410 495/0/3411 483/0/3412
f 495/0/3413 502/0/3414 472/0/3415
f 502/0/3416 495/0/3417 484/0/3418
f 502/0/3419 506/0/3420 485/0/3421
f 502/0/3422 496/0/3423 506/0/3424
f 496/0/3425 502/0/3426 484/0/3427
f 502/0/3428 485/0/3429 456/0/3430
f 469/0/3431 485/0/3432 506/0/3433
f 469/0/3434 502/0/3435 456/0/3436
f 382/0/3437 464/0/3438 497/0/3439
f 474/0/3440 429/0/3441 360/0/3442
f 389/0/3443 384/0/3444 460/0/3445
f 609/0/3446 271/0/3447 416/0/3448
f 455/0/3449 271/0/3450 609/0/3451
f 583/0/3452 363/0/3453 375/0/3454
f 546/0/3455 430/0/3456 363/0/3457
f 503/0/3458 455/0/3459 504/0/3460
f 499/0/3461 498/0/3462 500/0/3463
f 501/0/3464 498/0/3465 499/0/3466
f 499/0/3467 500/0/3468 471/0/3469
f 499/0/3470 471/0/3471 501/0/3472
f 486/0/3473 501/0/3474 487/0/3475
f 487/0/3476 488/0/3477 486/0/3478
f 489/0/3479 488/0/3480 487/0/3481
f 472/0/3482 502/0/3483 512/0/3484
f 352/0/3485 463/0/3486 466/0/3487
f 464/0/3488 446/0/3489 497/0/3490
f 578/0/3491 475/0/3492 375/0/3493
f 578/0/3494 503/0/3495 508/0/3496
f 509/0/3497 508/0/3498 455/0/3499
f 509/0/3500 504/0/3501 508/0/3502
f 510/0/3503 504/0/3504 455/0/3505
f 508/0/3506 510/0/3507 455/0/3508
f 510/0/3509 508/0/3510 503/0/3511
f 503/0/3512 504/0/3513 509/0/3514
f 510/0/3515 503/0/3516 509/0/3517
f 434/0/3518 505/0/3519 511/0/3520
f 512/0/3521 515/0/3522 505/0/3523
f 512/0/3524 441/0/3525 472/0/3526
f 382/0/3527 506/0/3528 496/0/3529
f 513/0/3530 469/0/3531 506/0/3532
f 507/0/3533 469/0/3534 513/0/3535
f 502/0/3536 469/0/3537 507/0/3538
f 473/0/3539 357/0/3540 577/0/3541
f 474/0/3542 360/0/3543 459/0/3544
f 578/0/3545 455/0/3546 503/0/3547
f 514/0/3548 504/0/3549 510/0/3550
f 509/0/3551 514/0/3552 510/0/3553
f 514/0/3554 505/0/3555 515/0/3556
f 514/0/3557 434/0/3558 516/0/3559
f 434/0/3560 578/0/3561 516/0/3562
f 434/0/3563 511/0/3564 578/0/3565
f 511/0/3566 505/0/3567 514/0/3568
f 516/0/3569 511/0/3570 514/0/3571
f 511/0/3572 512/0/3573 578/0/3574
f 512/0/3575 511/0/3576 515/0/3577
f 517/0/3578 519/0/3578 518/0/3578
f 520/0/3579 519/0/3579 521/0/3579
f 520/0/3580 518/0/3580 519/0/3580
f 520/0/3581 522/0/3581 518/0/3581
f 522/0/3582 520/0/3582 523/0/3582
f 523/0/3583 524/0/3583 522/0/3583
f 526/0/3584 525/0/3584 522/0/3584
f 526/0/3585 522/0/3585 524/0/3585
f 527/0/3586 528/0/3586 524/0/3586
f 525/0/3587 527/0/3587 524/0/3587
f 527/0/3588 526/0/3588 529/0/3588
f 527/0/3589 525/0/3589 526/0/3589
f 529/0/3590 530/0/3590 527/0/3590
f 528/0/3591 527/0/3591 531/0/3591
f 527/0/3592 532/0/3592 531/0/3592
f 532/0/3593 527/0/3593 530/0/3593
f 533/0/3594 531/0/3594 534/0/3594
f 531/0/3595 535/0/3595 534/0/3595
f 535/0/3596 532/0/3596 536/0/3596
f 535/0/3597 531/0/3597 532/0/3597
f 536/0/3598 537/0/3598 535/0/3598
f 538/0/3599 535/0/3600 506/0/3601
f 382/0/3602 538/0/3603 506/0/3604
f 535/0/3605 539/0/3606 382/0/3605
f 535/0/3607 537/0/3608 539/0/3609
f 502/0/3610 540/0/3611 539/0/3612
f 537/0/3613 502/0/3614 539/0/3615
f 502/0/3616 537/0/3617 512/0/3618
f 535/0/3619 382/0/3620 540/0/3621
f 506/0/3622 535/0/3623 540/0/3624
f 541/0/3625 540/0/3626 502/0/3627
f 502/0/3628 542/0/3629 541/0/3630
f 506/0/3631 540/0/3632 513/0/3633
f 513/0/3634 540/0/3635 541/0/3636
f 541/0/3637 543/0/3638 513/0/3639
f 513/0/3640 543/0/3641 502/0/3642
f 544/0/3643 543/0/3644 541/0/3645
f 513/0/3646 544/0/3647 497/0/3648
f 544/0/3649 502/0/3650 507/0/3651
f 502/0/3652 544/0/3653 513/0/3654
f 497/0/3655 507/0/3656 513/0/3657
f 387/0/3658 605/0/3659 497/0/3660
f 460/0/3661 433/0/3662 414/0/3663
f 578/0/3664 375/0/3665 455/0/3666
f 508/0/3667 504/0/3668 578/0/3669
f 514/0/3670 578/0/3671 504/0/3672
f 548/0/3673 547/0/3674 549/0/3673
f 549/0/3675 550/0/3675 548/0/3675
f 516/0/3676 515/0/3677 511/0/3678
f 548/0/3679 552/0/3679 551/0/3679
f 552/0/3680 548/0/3680 550/0/3680
f 552/0/3681 553/0/3681 554/0/3681
f 553/0/3682 552/0/3682 550/0/3682
f 554/0/3683 553/0/3683 555/0/3683
f 556/0/3684 557/0/3684 555/0/3684
f 553/0/3685 556/0/3685 555/0/3685
f 556/0/3686 553/0/3686 558/0/3686
f 558/0/3687 559/0/3687 556/0/3687
f 557/0/3688 556/0/3688 560/0/3688
f 556/0/3689 561/0/3689 560/0/3689
f 561/0/3690 556/0/3690 559/0/3690
f 559/0/3691 562/0/3691 561/0/3691
f 561/0/3692 563/0/3692 564/0/3692
f 563/0/3693 561/0/3693 562/0/3693
f 565/0/3694 566/0/3694 564/0/3694
f 563/0/3695 565/0/3695 564/0/3695
f 565/0/3696 563/0/3696 567/0/3696
f 567/0/3697 568/0/3697 565/0/3697
f 565/0/3698 569/0/3698 566/0/3698
f 569/0/3699 568/0/3699 570/0/3699
f 569/0/3700 565/0/3700 568/0/3700
f 570/0/3701 571/0/3701 569/0/3701
f 569/0/3702 572/0/3702 573/0/3702
f 572/0/3703 569/0/3703 571/0/3703
f 573/0/3704 572/0/3704 517/0/3704
f 517/0/3705 575/0/3705 574/0/3705
f 519/0/3706 517/0/3706 572/0/3706
f 574/0/3707 519/0/3707 572/0/3707
f 519/0/3708 574/0/3708 575/0/3708
f 575/0/3709 517/0/3709 518/0/3709
f 575/0/3710 521/0/3710 519/0/3710
f 521/0/3711 575/0/3711 518/0/3711
f 576/0/3712 523/0/3712 520/0/3712
f 521/0/3713 576/0/3713 520/0/3713
f 576/0/3714 518/0/3714 522/0/3714
f 576/0/3715 521/0/3715 518/0/3715
f 523/0/3716 576/0/3716 524/0/3716
f 576/0/3717 522/0/3717 525/0/3717
f 576/0/3718 525/0/3718 524/0/3718
f 528/0/3719 529/0/3719 526/0/3719
f 524/0/3720 528/0/3720 526/0/3720
f 529/0/3721 528/0/3721 530/0/3721
f 530/0/3722 528/0/3722 531/0/3722
f 530/0/3723 531/0/3723 533/0/3723
f 530/0/3724 533/0/3724 532/0/3724
f 532/0/3725 533/0/3725 534/0/3725
f 536/0/3726 532/0/3726 534/0/3726
f 536/0/3727 538/0/3727 537/0/3727
f 538/0/3728 534/0/3728 535/0/3728
f 538/0/3729 536/0/3729 534/0/3729
f 538/0/3730 382/0/3731 539/0/3732
f 538/0/3733 512/0/3734 537/0/3735
f 512/0/3736 539/0/3737 540/0/3738
f 512/0/3739 538/0/3740 539/0/3741
f 382/0/3742 542/0/3743 540/0/3744
f 542/0/3745 512/0/3746 540/0/3747
f 544/0/3748 542/0/3749 543/0/3750
f 543/0/3751 542/0/3752 502/0/3753
f 541/0/3754 497/0/3755 544/0/3756
f 293/0/3757 476/0/3758 577/0/3759
f 514/0/3760 515/0/3761 578/0/3762
f 515/0/3763 516/0/3764 578/0/3765
f 579/0/3766 549/0/3766 547/0/3767
f 579/0/3768 547/0/3768 548/0/3768
f 549/0/3769 579/0/3769 550/0/3769
f 579/0/3770 548/0/3770 551/0/3770
f 579/0/3771 551/0/3771 550/0/3771
f 551/0/3772 552/0/3772 554/0/3772
f 551/0/3773 554/0/3773 580/0/3773
f 580/0/3774 553/0/3774 550/0/3774
f 580/0/3775 550/0/3775 551/0/3775
f 580/0/3776 554/0/3776 555/0/3776
f 557/0/3777 558/0/3777 553/0/3777
f 580/0/3778 557/0/3778 553/0/3778
f 557/0/3779 580/0/3779 555/0/3779
f 558/0/3780 557/0/3780 559/0/3780
f 557/0/3781 560/0/3781 559/0/3781
f 559/0/3782 560/0/3782 562/0/3782
f 560/0/3783 561/0/3783 564/0/3783
f 560/0/3784 564/0/3784 562/0/3784
f 566/0/3785 567/0/3785 563/0/3785
f 562/0/3786 566/0/3786 563/0/3786
f 566/0/3787 562/0/3787 564/0/3787
f 567/0/3788 566/0/3788 568/0/3788
f 581/0/3789 570/0/3789 568/0/3789
f 566/0/3790 581/0/3790 568/0/3790
f 581/0/3791 566/0/3791 569/0/3791
f 570/0/3792 581/0/3792 571/0/3792
f 581/0/3793 569/0/3793 573/0/3793
f 581/0/3794 573/0/3794 571/0/3794
f 571/0/3795 573/0/3795 517/0/3795
f 571/0/3796 574/0/3796 572/0/3796
f 574/0/3797 571/0/3797 517/0/3797
f 338/0/3798 509/0/3799 424/0/3800
f 512/0/3801 542/0/3802 544/0/3803
f 497/0/3804 542/0/3805 382/0/3806
f 497/0/3807 541/0/3808 542/0/3809
f 372/0/3810 369/0/3811 424/0/3812
f 509/0/3813 455/0/3814 609/0/3815
f 476/0/3816 365/0/3817 470/0/3818
f 611/0/3819 410/0/3820 480/0/3821
f 430/0/3822 546/0/3823 365/0/3824
f 583/0/3825 375/0/3826 475/0/3827
f 592/0/3828 463/0/3829 426/0/3830
f 512/0/3831 544/0/3832 585/0/3833
f 578/0/3834 512/0/3835 598/0/3836
f 593/0/3837 587/0/3838 512/0/3839
f 587/0/3840 598/0/3841 512/0/3842
f 584/0/3843 586/0/3844 593/0/3845
f 512/0/3846 584/0/3847 593/0/3848
f 584/0/3849 588/0/3850 598/0/3851
f 586/0/3852 588/0/3853 512/0/3854
f 512/0/3855 591/0/3856 586/0/3857
f 591/0/3858 512/0/3859 590/0/3860
f 512/0/3861 585/0/3862 590/0/3863
f 586/0/3864 591/0/3865 585/0/3866
f 586/0/3867 585/0/3868 544/0/3869
f 372/0/3870 424/0/3871 405/0/3872
f 594/0/3873 593/0/3874 598/0/3875
f 587/0/3876 594/0/3877 584/0/3878
f 587/0/3879 593/0/3880 594/0/3881
f 584/0/3882 598/0/3883 587/0/3884
f 586/0/3885 594/0/3886 588/0/3887
f 586/0/3888 584/0/3889 594/0/3890
f 595/0/3891 588/0/3892 584/0/3893
f 595/0/3894 584/0/3895 512/0/3896
f 589/0/3897 596/0/3898 512/0/3899
f 512/0/3900 596/0/3901 595/0/3902
f 512/0/3903 588/0/3904 589/0/3905
f 590/0/3906 589/0/3907 591/0/3908
f 596/0/3909 589/0/3910 585/0/3911
f 589/0/3912 590/0/3913 585/0/3914
f 608/0/3915 545/0/3916 440/0/3917
f 507/0/3918 586/0/3919 544/0/3920
f 594/0/3921 598/0/3922 588/0/3923
f 588/0/3924 595/0/3925 589/0/3926
f 596/0/3927 585/0/3928 595/0/3929
f 589/0/3930 595/0/3931 591/0/3932
f 591/0/3933 595/0/3934 585/0/3935
f 447/0/3936 421/0/3937 611/0/3938
f 601/0/3939 426/0/3940 425/0/3941
f 613/0/3942 363/0/3943 583/0/3944
f 463/0/3945 612/0/3946 466/0/3947
f 497/0/3948 605/0/3949 507/0/3950
f 546/0/3951 363/0/3952 613/0/3953
f 440/0/3954 466/0/3955 612/0/3956
f 602/0/3957 600/0/3958 599/0/3959
f 599/0/3960 600/0/3961 603/0/3962
f 603/0/3963 593/0/3964 586/0/3965
f 603/0/3966 586/0/3967 604/0/3968
f 426/0/3969 601/0/3970 592/0/3971
f 365/0/3972 546/0/3973 470/0/3974
f 608/0/3975 597/0/3976 435/0/3977
f 600/0/3978 593/0/3979 603/0/3980
f 607/0/3981 599/0/3982 603/0/3983
f 586/0/3984 599/0/3985 604/0/3986
f 599/0/3987 607/0/3988 604/0/3989
f 586/0/3990 602/0/3991 599/0/3992
f 592/0/3993 612/0/3994 463/0/3995
f 593/0/3996 607/0/3997 598/0/3998
f 593/0/3999 600/0/4000 607/0/4001
f 600/0/4002 602/0/4003 607/0/4004
f 603/0/4005 598/0/4006 607/0/4007
f 604/0/4008 607/0/4009 602/0/4010
f 602/0/4011 586/0/4012 507/0/4013
f 606/0/4014 470/0/4015 546/0/4016
f 603/0/4017 604/0/4018 602/0/4019
f 606/0/4020 546/0/4021 614/0/4022
f 608/0/4023 440/0/4024 612/0/4025
f 598/0/4026 603/0/4027 602/0/4028
f 470/0/4029 583/0/4030 578/0/4031
f 473/0/4032 577/0/4033 582/0/4034
f 601/0/4035 425/0/4036 610/0/4037
f 609/0/4038 416/0/4039 479/0/4040
f 602/0/4041 507/0/4042 605/0/4043
f 614/0/4044 546/0/4045 613/0/4046
f 583/0/4047 475/0/4048 578/0/4049
f 480/0/4050 597/0/4051 615/0/4052
f 608/0/4053 612/0/4054 618/0/4055
f 578/0/4056 598/0/4057 602/0/4058
f 474/0/4059 459/0/4060 329/0/4061
f 606/0/4062 583/0/4063 470/0/4064
f 479/0/4065 405/0/4066 609/0/4067
f 606/0/4068 613/0/4069 583/0/4070
f 425/0/4071 447/0/4072 617/0/4073
f 615/0/4074 597/0/4075 608/0/4076
f 509/0/4077 609/0/4078 424/0/4079
f 614/0/4080 613/0/4081 606/0/4082
f 611/0/4083 480/0/4084 615/0/4085
f 582/0/4086 577/0/4087 616/0/4088
f 424/0/4089 609/0/4090 405/0/4091
f 616/0/4092 578/0/4093 602/0/4094
f 577/0/4095 476/0/4096 616/0/4097
f 447/0/4098 611/0/4099 618/0/4100
f 612/0/4101 592/0/4102 621/0/4103
f 605/0/4104 582/0/4105 616/0/4106
f 578/0/4107 616/0/4108 470/0/4109
f 610/0/4110 425/0/4111 617/0/4112
f 618/0/4113 611/0/4114 615/0/4115
f 618/0/4116 615/0/4117 608/0/4118
f 476/0/4119 470/0/4120 616/0/4121
f 616/0/4122 602/0/4123 605/0/4124
f 612/0/4125 621/0/4126 618/0/4127
f 620/0/4128 617/0/4129 447/0/4130
f 447/0/4131 618/0/4132 620/0/4133
f 601/0/4134 619/0/4135 592/0/4136
f 619/0/4137 621/0/4138 592/0/4139
f 610/0/4140 617/0/4141 620/0/4142
f 601/0/4143 610/0/4144 619/0/4145
f 620/0/4146 619/0/4147 610/0/4148
f 618/0/4149 621/0/4150 620/0/4151
f 621/0/4152 619/0/4153 620/0/4154
